adx_active,adx_closevotingdate,adx_expirationdate,importsequencenumber,adx_name,adx_pollid,adx_question,adx_releasedate,statuscode,statecode,adx_submitbuttonlabel,timezoneruleversionnumber,utcconversiontimezonecode,versionnumber,owningbusinessunit,adx_webtemplateid,adx_websiteid
false,,,,Yes or No Question,636e71ca-afa2-42a4-b8fb-5defba2c985b,<p>This is an example showing the results of a &ldquo;Yes&rdquo; or &ldquo;No&rdquo; question.</p>,,Active,Active,Submit,,,903130,751a37a3-981b-eb11-a817-000d3a8b659d,28be8dd8-2b39-412a-8c06-66724ced02c0,f46b70cc-580b-4f1a-87c3-41deb48eb90d
false,,12/10/2012 7:00:00 AM,13,Wireframe styles,65ea73eb-9bb8-4f3f-97b9-4375788daafe,What's your favourite style of wireframe?,,Active,Active,Tell Us,0,,903129,751a37a3-981b-eb11-a817-000d3a8b659d,,f46b70cc-580b-4f1a-87c3-41deb48eb90d
false,,1/31/2014 6:00:00 AM,,Wireframe Development,ae41ddf4-c314-49ce-865c-0bc5c037dda3,<p>This is a multiple-choice poll question?</p>,,Active,Active,Tell Us,0,,903127,751a37a3-981b-eb11-a817-000d3a8b659d,,f46b70cc-580b-4f1a-87c3-41deb48eb90d
false,,,,True or False Question,1cbbebf9-13ae-4324-8696-e085c180d26d,<p>This is an example showing the results of a &ldquo;True&rdquo; or &ldquo;False&rdquo; question.</p>,,Active,Active,Submit,,,903121,751a37a3-981b-eb11-a817-000d3a8b659d,,f46b70cc-580b-4f1a-87c3-41deb48eb90d
