adx_contentsnippetid,adx_createdbyipaddress,adx_createdbyusername,adx_display_name,importsequencenumber,adx_modifiedbyipaddress,adx_modifiedbyusername,adx_name,statuscode,statecode,timezoneruleversionnumber,adx_type,utcconversiontimezonecode,adx_value,versionnumber,adx_contentsnippetlanguageid,owningbusinessunit,adx_websiteid
3e5580c9-99de-4a45-89db-b9fda2695c37,,,Chat Widget Code,,,,Chat Widget Code,Active,Active,,,,"<script>
  function openForm() {
    document.getElementById(""""myForm"""").style.display = """"block"""";
  }
  function closeForm() {
    document.getElementById(""""myForm"""").style.display = """"none"""";
  }
</script><div id=""""myForm"""" class=""""chat-popup"""">

</div>
<p></p>",1250777,,751a37a3-981b-eb11-a817-000d3a8b659d,f46b70cc-580b-4f1a-87c3-41deb48eb90d
7c2e535c-9a56-4eac-ae0e-b6c3622ca059,,,Mobile Header,,,,Mobile Header,Active,Active,,,,"<a href=""""~/""""><img src=""""/Logo.png"""" alt=""""Contoso Limited"""" style=""""width: 32px; height: 32px;""""><span style=""""position: relative; top: 2px; margin-left: 9px;"""">InPath Hackathon</span></a>",904271,d9e7ed64-7337-47a8-af6e-35a783c2e2dd,751a37a3-981b-eb11-a817-000d3a8b659d,f46b70cc-580b-4f1a-87c3-41deb48eb90d
5187d2f6-62f4-4ee3-8f32-1665b2d3d7cd,,,Account/SignIn/RememberMeLabel,,,,Account/SignIn/RememberMeLabel,Active,Active,,Timeline,,Remember Me,902930,d9e7ed64-7337-47a8-af6e-35a783c2e2dd,751a37a3-981b-eb11-a817-000d3a8b659d,f46b70cc-580b-4f1a-87c3-41deb48eb90d
ad8e5d08-eb97-4d1a-8f25-9bc4fc73b39a,,,Profile/MarketPhone,,,,Profile/MarketPhone,Active,Active,,Timeline,,Phone,902929,d9e7ed64-7337-47a8-af6e-35a783c2e2dd,751a37a3-981b-eb11-a817-000d3a8b659d,f46b70cc-580b-4f1a-87c3-41deb48eb90d
0feb576a-e97f-457d-94f5-7fbd26fa40d1,,,Profile/EmailConfirmation/WarningText,,,,Profile/EmailConfirmation/WarningText,Active,Active,,Timeline,,Your email requires confirmation,902928,d9e7ed64-7337-47a8-af6e-35a783c2e2dd,751a37a3-981b-eb11-a817-000d3a8b659d,f46b70cc-580b-4f1a-87c3-41deb48eb90d
637768b9-c551-40c5-a831-3027fe872d07,,,Account/Sign In/Username Label,,,,Account/Sign In/Username Label,Active,Active,,Timeline,,Username,902927,d9e7ed64-7337-47a8-af6e-35a783c2e2dd,751a37a3-981b-eb11-a817-000d3a8b659d,f46b70cc-580b-4f1a-87c3-41deb48eb90d
2db8bb01-36a6-44af-baa9-a7b88e43b5db,,,Profile/MarketFax,,,,Profile/MarketFax,Active,Active,,Timeline,,Fax,902926,d9e7ed64-7337-47a8-af6e-35a783c2e2dd,751a37a3-981b-eb11-a817-000d3a8b659d,f46b70cc-580b-4f1a-87c3-41deb48eb90d
7773ac00-b211-4d45-900c-8f8c91f09e65,,,Account/Set Password/Confirm Password,,,,Account/SetPassword/ConfirmPassword,Active,Active,,Timeline,,Confirm Password,902925,d9e7ed64-7337-47a8-af6e-35a783c2e2dd,751a37a3-981b-eb11-a817-000d3a8b659d,f46b70cc-580b-4f1a-87c3-41deb48eb90d
b765968b-e599-4077-ac08-6cc892c2e1de,,,Account/SignIn/PasswordLabel,,,,Account/SignIn/PasswordLabel,Active,Active,,Timeline,,Password,902924,d9e7ed64-7337-47a8-af6e-35a783c2e2dd,751a37a3-981b-eb11-a817-000d3a8b659d,f46b70cc-580b-4f1a-87c3-41deb48eb90d
e4f0bce6-fdec-4d50-8bf4-65fc6c65eddc,,,Account/Set Password/Page Copy,,,,Account/SetPassword/PageCopy,Active,Active,,Timeline,,,902923,d9e7ed64-7337-47a8-af6e-35a783c2e2dd,751a37a3-981b-eb11-a817-000d3a8b659d,f46b70cc-580b-4f1a-87c3-41deb48eb90d
3e48a721-4857-441d-929c-f4fa22b4386c,,,Profile/SecurityNav/Title,,,,Profile/SecurityNav/Title,Active,Active,,Timeline,,Security,902922,d9e7ed64-7337-47a8-af6e-35a783c2e2dd,751a37a3-981b-eb11-a817-000d3a8b659d,f46b70cc-580b-4f1a-87c3-41deb48eb90d
54a3ebeb-246f-44ba-b2e5-5ff768ed0ffa,,,Account/Set Password/New Password,,,,Account/SetPassword/NewPassword,Active,Active,,Timeline,,New Password,902921,d9e7ed64-7337-47a8-af6e-35a783c2e2dd,751a37a3-981b-eb11-a817-000d3a8b659d,f46b70cc-580b-4f1a-87c3-41deb48eb90d
78de3829-3405-4112-983f-cdb4fe7678aa,,,Account/Signin/Terms And Conditions Copy,,,,Account/Signin/TermsAndConditionsCopy,Active,Active,,,,,902920,d9e7ed64-7337-47a8-af6e-35a783c2e2dd,751a37a3-981b-eb11-a817-000d3a8b659d,f46b70cc-580b-4f1a-87c3-41deb48eb90d
618b0f78-5e19-433a-8c49-91f370fabccc,,,Account/SignIn/SignInExternalFormHeading,,,,Account/SignIn/SignInExternalFormHeading,Active,Active,,Timeline,,External SignIn,902919,d9e7ed64-7337-47a8-af6e-35a783c2e2dd,751a37a3-981b-eb11-a817-000d3a8b659d,f46b70cc-580b-4f1a-87c3-41deb48eb90d
676e56cf-d2df-4c91-9674-a2d06e16fb49,,,Account/Signin/Terms And Conditions Heading,,,,Account/Signin/TermsAndConditionsHeading,Active,Active,,Timeline,,Terms and Conditions,902918,d9e7ed64-7337-47a8-af6e-35a783c2e2dd,751a37a3-981b-eb11-a817-000d3a8b659d,f46b70cc-580b-4f1a-87c3-41deb48eb90d
e6bab96f-c106-4b44-817f-40733a65924a,,,Poll/Total Votes,,,,Poll/TotalVotes,Active,Active,,Timeline,,{{ poll.votes }} Votes,902917,d9e7ed64-7337-47a8-af6e-35a783c2e2dd,751a37a3-981b-eb11-a817-000d3a8b659d,f46b70cc-580b-4f1a-87c3-41deb48eb90d
03dea81e-7de1-470e-85b4-29faae9905cf,,,Account/Set Password/Set Password Form Heading,,,,Account/SetPassword/SetPasswordFormHeading,Active,Active,,Timeline,,Set password form heading,902916,d9e7ed64-7337-47a8-af6e-35a783c2e2dd,751a37a3-981b-eb11-a817-000d3a8b659d,f46b70cc-580b-4f1a-87c3-41deb48eb90d
196fc3af-b796-4f57-9b57-c61d05bedaca,,,Page Published On Prefix,,,,Page Published On Prefix,Active,Active,,Timeline,,It was published,902915,d9e7ed64-7337-47a8-af6e-35a783c2e2dd,751a37a3-981b-eb11-a817-000d3a8b659d,f46b70cc-580b-4f1a-87c3-41deb48eb90d
e034e307-3519-4d22-bef3-066c8c9a8945,,,Profile/MarketingPref,,,,Profile/MarketingPref,Active,Active,,Timeline,,How may we contact you? Select all that apply,902914,d9e7ed64-7337-47a8-af6e-35a783c2e2dd,751a37a3-981b-eb11-a817-000d3a8b659d,f46b70cc-580b-4f1a-87c3-41deb48eb90d
d8d6240d-443c-4081-aa29-ea8bdd04acc6,,,Profile/SecurityNav/ChangeEmail,,,,Profile/SecurityNav/ChangeEmail,Active,Active,,Timeline,,Change Email,902913,d9e7ed64-7337-47a8-af6e-35a783c2e2dd,751a37a3-981b-eb11-a817-000d3a8b659d,f46b70cc-580b-4f1a-87c3-41deb48eb90d
cf331113-f7bc-47f9-9c34-e2418ecfda60,,,Profile Form Legend,,,,Profile Form Legend,Active,Active,,Timeline,,Your Information,902911,d9e7ed64-7337-47a8-af6e-35a783c2e2dd,751a37a3-981b-eb11-a817-000d3a8b659d,f46b70cc-580b-4f1a-87c3-41deb48eb90d
22524458-4190-461a-a584-dcf195b625a6,,,Account/Set Password/Email,,,,Account/SetPassword/Email,Active,Active,,Timeline,,Email,902910,d9e7ed64-7337-47a8-af6e-35a783c2e2dd,751a37a3-981b-eb11-a817-000d3a8b659d,f46b70cc-580b-4f1a-87c3-41deb48eb90d
a0ad82ea-b379-4e95-8a4b-45242368bfc1,,,Profile/MarketMail,,,,Profile/MarketMail,Active,Active,,Timeline,,Mail,902909,d9e7ed64-7337-47a8-af6e-35a783c2e2dd,751a37a3-981b-eb11-a817-000d3a8b659d,f46b70cc-580b-4f1a-87c3-41deb48eb90d
d50b2674-d64f-4a30-ba5a-1745a6528363,,,Profile/SecurityNav/ChangePassword,,,,Profile/SecurityNav/ChangePassword,Active,Active,,Timeline,,Change Password,902908,d9e7ed64-7337-47a8-af6e-35a783c2e2dd,751a37a3-981b-eb11-a817-000d3a8b659d,f46b70cc-580b-4f1a-87c3-41deb48eb90d
c4d9bb94-b614-41d0-ba95-29e26888a50a,,,Account/Signin/Terms And Conditions Agreement Text,,,,Account/Signin/TermsAndConditionsAgreementText,Active,Active,,Timeline,,I agree to these terms and conditions.,902907,d9e7ed64-7337-47a8-af6e-35a783c2e2dd,751a37a3-981b-eb11-a817-000d3a8b659d,f46b70cc-580b-4f1a-87c3-41deb48eb90d
3754926f-e612-4e64-bae8-6407a29a070f,,,Page Modified On Prefix,,,,Page Modified On Prefix,Active,Active,,Timeline,,This page was last updated,902906,d9e7ed64-7337-47a8-af6e-35a783c2e2dd,751a37a3-981b-eb11-a817-000d3a8b659d,f46b70cc-580b-4f1a-87c3-41deb48eb90d
612a0004-b317-4e25-a826-0de525438161,,,Portal Generic Error,,,,Portal Generic Error,Active,Active,,Timeline,,"We are sorry, but seems something went wrong. Please try again, and if this persists, contact the website administrator.",902905,d9e7ed64-7337-47a8-af6e-35a783c2e2dd,751a37a3-981b-eb11-a817-000d3a8b659d,f46b70cc-580b-4f1a-87c3-41deb48eb90d
8411c4dc-0edb-4635-a64a-09bce05ef071,,,Header/Toggle Navigation,,,,Header/Toggle Navigation,Active,Active,,,,Toggle navigation,902904,d9e7ed64-7337-47a8-af6e-35a783c2e2dd,751a37a3-981b-eb11-a817-000d3a8b659d,f46b70cc-580b-4f1a-87c3-41deb48eb90d
fa4a983b-f777-4bd4-96fa-dc015c1fb09d,,,Search/Facet/Downloads,,,,Search/Facet/Downloads,Active,Active,,Timeline,,Downloads,902903,d9e7ed64-7337-47a8-af6e-35a783c2e2dd,751a37a3-981b-eb11-a817-000d3a8b659d,f46b70cc-580b-4f1a-87c3-41deb48eb90d
c1e384eb-9206-4559-99f2-5628f706dbc5,,,Search/Title,,,,Search/Title,Active,Active,,Timeline,,,902902,d9e7ed64-7337-47a8-af6e-35a783c2e2dd,751a37a3-981b-eb11-a817-000d3a8b659d,f46b70cc-580b-4f1a-87c3-41deb48eb90d
ad39b9ad-9cc9-424e-9aec-41c2dbe318ba,,,Profile/SecurityNav/ChangeLogin,,,,Profile/SecurityNav/ChangeLogin,Active,Active,,Timeline,,Manage External Authentication,902901,d9e7ed64-7337-47a8-af6e-35a783c2e2dd,751a37a3-981b-eb11-a817-000d3a8b659d,f46b70cc-580b-4f1a-87c3-41deb48eb90d
9c846a53-a629-423b-b1bb-c4a9265f0ae4,,,EntityList/View Not Available Message,,,,EntityList/ViewNotAvailableMessage,Active,Active,,,,"<div class=""""alert alert-block alert-warning""""><p><span class=""""fa fa-exclamation-triangle"""" aria-hidden=""""true""""></span>The view is not available.</p></div>",902900,d9e7ed64-7337-47a8-af6e-35a783c2e2dd,751a37a3-981b-eb11-a817-000d3a8b659d,f46b70cc-580b-4f1a-87c3-41deb48eb90d
2caad5af-d710-4a9d-9b35-94297b31ffd7,,,Search/Results Title,,,,Search/ResultsTitle,Active,Active,,Timeline,,Results for {{ request.params.q }},902899,d9e7ed64-7337-47a8-af6e-35a783c2e2dd,751a37a3-981b-eb11-a817-000d3a8b659d,f46b70cc-580b-4f1a-87c3-41deb48eb90d
b2e9540b-8937-46ae-abfc-89241e7c3486,,,Account/Set Password/Set Password Button Text,,,,Account/SetPassword/SetPasswordButtonText,Active,Active,,Timeline,,Set Password,902898,d9e7ed64-7337-47a8-af6e-35a783c2e2dd,751a37a3-981b-eb11-a817-000d3a8b659d,f46b70cc-580b-4f1a-87c3-41deb48eb90d
cec407c9-61e5-40d3-96fa-fd9c0fdebb27,,,Search/Results Count,,,,Search/ResultsCount,Active,Active,,Timeline,,{{ current_page }} - {{ page_size }} of {{ searchindex.approximate_total_hits }} Results,902897,d9e7ed64-7337-47a8-af6e-35a783c2e2dd,751a37a3-981b-eb11-a817-000d3a8b659d,f46b70cc-580b-4f1a-87c3-41deb48eb90d
e3a68e17-a161-4061-a7b0-4b01949db863,,,Browser Title Suffix,,,,Browser Title Suffix,Active,Active,,Timeline,,&nbsp;· Starter Portal,902896,d9e7ed64-7337-47a8-af6e-35a783c2e2dd,751a37a3-981b-eb11-a817-000d3a8b659d,f46b70cc-580b-4f1a-87c3-41deb48eb90d
e685986a-2e21-4ce0-aaea-98283bc7951c,,,Profile/MarketEmail,,,,Profile/MarketEmail,Active,Active,,Timeline,,Email,902895,d9e7ed64-7337-47a8-af6e-35a783c2e2dd,751a37a3-981b-eb11-a817-000d3a8b659d,f46b70cc-580b-4f1a-87c3-41deb48eb90d
139df459-4504-45b5-90eb-28a71ee111cb,,,Account/Register/External Authentication Failed,,,,Account/Register/ExternalAuthenticationFailed,Active,Active,,Timeline,,Sign in failed.,902894,d9e7ed64-7337-47a8-af6e-35a783c2e2dd,751a37a3-981b-eb11-a817-000d3a8b659d,f46b70cc-580b-4f1a-87c3-41deb48eb90d
3de4bc0b-36b9-4ab2-b4b3-ce7b8ff4d4c0,,,Account/SignIn/SignInLocalFormHeading,,,,Account/SignIn/SignInLocalFormHeading,Active,Active,,Timeline,,Local SignIn,902893,d9e7ed64-7337-47a8-af6e-35a783c2e2dd,751a37a3-981b-eb11-a817-000d3a8b659d,f46b70cc-580b-4f1a-87c3-41deb48eb90d
0ab2614f-d9d3-40a1-bf01-ff1cc3f21a21,,,About Footer,,,,About Footer,Active,Active,,,,"<h4>About Starter Portal</h4><p>This site uses sample data and text, please update as per your requirement.</p>",902892,d9e7ed64-7337-47a8-af6e-35a783c2e2dd,751a37a3-981b-eb11-a817-000d3a8b659d,f46b70cc-580b-4f1a-87c3-41deb48eb90d
34fdc26a-b279-4a4e-bd96-d4172088f98a,,,Account/Set Password/Username,,,,Account/SetPassword/Username,Active,Active,,Timeline,,Username,902891,d9e7ed64-7337-47a8-af6e-35a783c2e2dd,751a37a3-981b-eb11-a817-000d3a8b659d,f46b70cc-580b-4f1a-87c3-41deb48eb90d
211db165-8f0b-4929-a6c8-badd0fb3fda9,,,Account/Confirm Email/Confirm Email Instructions Text,,,,Account/ConfirmEmail/ConfirmEmailInstructionsText,Active,Active,,Timeline,,Confirm E-mail.,902890,d9e7ed64-7337-47a8-af6e-35a783c2e2dd,751a37a3-981b-eb11-a817-000d3a8b659d,f46b70cc-580b-4f1a-87c3-41deb48eb90d
74f50bf5-ce2d-412f-8369-2f3cfd40f964,,,Page Related Heading,,,,Page Related Heading,Active,Active,,Timeline,,Related Topics,902889,d9e7ed64-7337-47a8-af6e-35a783c2e2dd,751a37a3-981b-eb11-a817-000d3a8b659d,f46b70cc-580b-4f1a-87c3-41deb48eb90d
fe77b95e-1e9c-449c-90f3-d23d5d3b1450,,,Account/Signin/Terms And Conditions Button Text,,,,Account/Signin/TermsAndConditionsButtonText,Active,Active,,Timeline,,Continue,902887,d9e7ed64-7337-47a8-af6e-35a783c2e2dd,751a37a3-981b-eb11-a817-000d3a8b659d,f46b70cc-580b-4f1a-87c3-41deb48eb90d
39bd0a4e-826b-45bf-98a8-3578bf992a56,,,Account/Confirm Email/Confirm Email Error Text,,,,Account/ConfirmEmail/ConfirmEmailErrorText,Active,Active,,Timeline,,"We were unable to confirm your email address. Make sure the spelling is correct and that your profile allows for email communication, or try another email address.",902885,d9e7ed64-7337-47a8-af6e-35a783c2e2dd,751a37a3-981b-eb11-a817-000d3a8b659d,f46b70cc-580b-4f1a-87c3-41deb48eb90d
c0fcf511-991c-4212-8143-214c57f4a324,,,Account/Change Password/Page Copy,,,,Account/ChangePassword/PageCopy,Active,Active,,Timeline,,,902884,d9e7ed64-7337-47a8-af6e-35a783c2e2dd,751a37a3-981b-eb11-a817-000d3a8b659d,f46b70cc-580b-4f1a-87c3-41deb48eb90d
14d43055-5667-42d0-b5cd-250233fb0b70,,,Header,,,,Header,Active,Active,,Timeline,,"<h3><a href=""""~/"""">Starter Portal</a></h3>",902883,d9e7ed64-7337-47a8-af6e-35a783c2e2dd,751a37a3-981b-eb11-a817-000d3a8b659d,f46b70cc-580b-4f1a-87c3-41deb48eb90d
c49b36c1-4071-4e3b-bfbf-5f46f2d8f37a,,,Account/Change Email/Page Copy,,,,Account/ChangeEmail/PageCopy,Active,Active,,Timeline,,,902882,d9e7ed64-7337-47a8-af6e-35a783c2e2dd,751a37a3-981b-eb11-a817-000d3a8b659d,f46b70cc-580b-4f1a-87c3-41deb48eb90d
e46d48b3-5e22-4d17-8d4a-25f957cc5f5c,,,Account/Register/External Authentication Failed/Access Denied,,,,Account/Register/ExternalAuthenticationFailed/AccessDenied,Active,Active,,Timeline,,Sign in cancelled.,902881,d9e7ed64-7337-47a8-af6e-35a783c2e2dd,751a37a3-981b-eb11-a817-000d3a8b659d,f46b70cc-580b-4f1a-87c3-41deb48eb90d
005420d5-24dd-4659-87e0-7a819f5ea789,,,Navbar Left,,,,Navbar Left,Active,Active,,,,"<p><a class=""""homelink"""" href=""""~/"""" title=""""Starter Portal"""">Starter Portal</a></p>",902880,d9e7ed64-7337-47a8-af6e-35a783c2e2dd,751a37a3-981b-eb11-a817-000d3a8b659d,f46b70cc-580b-4f1a-87c3-41deb48eb90d
88daeec1-089e-4b55-a946-e28c7e330f6c,,,Search/No Results,,,,Search/NoResults,Active,Active,,Timeline,,No results found.,902879,d9e7ed64-7337-47a8-af6e-35a783c2e2dd,751a37a3-981b-eb11-a817-000d3a8b659d,f46b70cc-580b-4f1a-87c3-41deb48eb90d
0d94acca-b392-4c54-af74-cfdb739aaa73,,,Search/Facet/Clear Constraints,,,,Search/Facet/ClearConstraints,Active,Active,,Timeline,,Clear All,902878,d9e7ed64-7337-47a8-af6e-35a783c2e2dd,751a37a3-981b-eb11-a817-000d3a8b659d,f46b70cc-580b-4f1a-87c3-41deb48eb90d
5557f523-7737-4366-bc02-2f03c4878080,,,Home/Title,,,,Home/Title,Active,Active,,Timeline,,Welcome to your website!,902877,d9e7ed64-7337-47a8-af6e-35a783c2e2dd,751a37a3-981b-eb11-a817-000d3a8b659d,f46b70cc-580b-4f1a-87c3-41deb48eb90d
398a0128-bba7-4697-8e8b-d6c2f519cb29,,,Account/Change Login/Page Copy,,,,Account/ChangeLogin/PageCopy,Active,Active,,Timeline,,,902876,d9e7ed64-7337-47a8-af6e-35a783c2e2dd,751a37a3-981b-eb11-a817-000d3a8b659d,f46b70cc-580b-4f1a-87c3-41deb48eb90d
4a902b64-433b-48fa-ad98-084ec6cc9083,,,Account/Confirm Email/Confirm Email Form Heading,,,,Account/ConfirmEmail/ConfirmEmailFormHeading,Active,Active,,Timeline,,Confirm E-mail,902875,d9e7ed64-7337-47a8-af6e-35a783c2e2dd,751a37a3-981b-eb11-a817-000d3a8b659d,f46b70cc-580b-4f1a-87c3-41deb48eb90d
d2268c73-944c-4615-b593-65db70b47a49,,,Header/Search/Label,,,,Header/Search/Label,Active,Active,,Timeline,,Search,902874,d9e7ed64-7337-47a8-af6e-35a783c2e2dd,751a37a3-981b-eb11-a817-000d3a8b659d,f46b70cc-580b-4f1a-87c3-41deb48eb90d
94496219-ddeb-4c10-8d83-524fb7952b8b,,,Footer,,,,Footer,Active,Active,,,,<p><span>Copyright © </span>{{ now | date: 'yyyy' }}<span>. All rights reserved.</span></p>,902873,d9e7ed64-7337-47a8-af6e-35a783c2e2dd,751a37a3-981b-eb11-a817-000d3a8b659d,f46b70cc-580b-4f1a-87c3-41deb48eb90d
dad65ffc-d36a-44cc-b53c-007f06d3ac74,,,Account/Confirm Email Request/Page Copy,,,,Account/ConfirmEmailRequest/PageCopy,Active,Active,,Timeline,,,902872,d9e7ed64-7337-47a8-af6e-35a783c2e2dd,751a37a3-981b-eb11-a817-000d3a8b659d,f46b70cc-580b-4f1a-87c3-41deb48eb90d
8f148e80-cb18-40c9-b00f-7ddd2379ec65,,,Page Children Heading,,,,Page Children Heading,Active,Active,,Timeline,,In This Section,902871,d9e7ed64-7337-47a8-af6e-35a783c2e2dd,751a37a3-981b-eb11-a817-000d3a8b659d,f46b70cc-580b-4f1a-87c3-41deb48eb90d
684710ca-5131-4496-92bf-fe58efc28681,,,Search/Facet/Sort Order/Average User Rating,,,,Search/Facet/SortOrder/AverageUserRating,Active,Active,,Timeline,,Average User Ratings,902870,d9e7ed64-7337-47a8-af6e-35a783c2e2dd,751a37a3-981b-eb11-a817-000d3a8b659d,f46b70cc-580b-4f1a-87c3-41deb48eb90d
df897ff3-b266-4ef6-a4b3-34c856765890,,,Profile/SecurityNav/Set Password,,,,Profile/SecurityNav/SetPassword,Active,Active,,Timeline,,,902869,d9e7ed64-7337-47a8-af6e-35a783c2e2dd,751a37a3-981b-eb11-a817-000d3a8b659d,f46b70cc-580b-4f1a-87c3-41deb48eb90d
c4510ade-6329-4f88-9bad-a8869f7be314,,,Registration Disabled Message,,,,Account/Register/RegistrationDisabledMessage,Active,Active,,,,"<div class=""""alert alert-warning"""">
  Registration is disabled
</div>",902868,,751a37a3-981b-eb11-a817-000d3a8b659d,f46b70cc-580b-4f1a-87c3-41deb48eb90d
05fd3450-f913-411c-859d-a3291cf40ce6,,,Login/ACS/Heading,,,,Login/ACS/Heading,Active,Active,,Timeline,,Sign in to Starter Portal,902866,d9e7ed64-7337-47a8-af6e-35a783c2e2dd,751a37a3-981b-eb11-a817-000d3a8b659d,f46b70cc-580b-4f1a-87c3-41deb48eb90d
082d7815-2487-46af-aee3-aa7937ab1b80,,,Header/Search/FilterLabel,,,,Header/Search/FilterLabel,Active,Active,,Timeline,,Search Filter,902863,d9e7ed64-7337-47a8-af6e-35a783c2e2dd,751a37a3-981b-eb11-a817-000d3a8b659d,f46b70cc-580b-4f1a-87c3-41deb48eb90d
9d25b288-eb0e-4d06-99a5-a0062079a63b,,,Header/Search/ToolTip,,,,Header/Search/ToolTip,Active,Active,,Timeline,,Search,902862,d9e7ed64-7337-47a8-af6e-35a783c2e2dd,751a37a3-981b-eb11-a817-000d3a8b659d,f46b70cc-580b-4f1a-87c3-41deb48eb90d
434ba273-14c1-44e8-8ede-c01409c6c1ab,,,Home/Heading,,,,Home/Heading,Active,Active,,Timeline,,<div>Sample Data</div>,902861,d9e7ed64-7337-47a8-af6e-35a783c2e2dd,751a37a3-981b-eb11-a817-000d3a8b659d,f46b70cc-580b-4f1a-87c3-41deb48eb90d
bda8ad2b-e1a0-47df-a647-04a6fd853fa5,,,Account/Change Email/Email Label,,,,Account/ChangeEmail/EmailLabel,Active,Active,,Timeline,,E-mail,902859,d9e7ed64-7337-47a8-af6e-35a783c2e2dd,751a37a3-981b-eb11-a817-000d3a8b659d,f46b70cc-580b-4f1a-87c3-41deb48eb90d
87ab62b2-011a-4aa1-bfe2-f5f9d4a28ecf,,,Search/Facet/Product,,,,Search/Facet/Product,Active,Active,,Timeline,,Products,902858,d9e7ed64-7337-47a8-af6e-35a783c2e2dd,751a37a3-981b-eb11-a817-000d3a8b659d,f46b70cc-580b-4f1a-87c3-41deb48eb90d
282cd266-197f-416f-a143-5562d1fc4420,,,Home/Subtitle,,,,Home/Subtitle,Active,Active,,Timeline,,This is  sample landing page for you to start building your website.,902856,d9e7ed64-7337-47a8-af6e-35a783c2e2dd,751a37a3-981b-eb11-a817-000d3a8b659d,f46b70cc-580b-4f1a-87c3-41deb48eb90d
0bbe1cfd-ce67-4df1-ba44-ea3f55cb9e75,,,Account/Confirm Email/Email Label,,,,Account/ConfirmEmail/EmailLabel,Active,Active,,Timeline,,E-mail,902855,d9e7ed64-7337-47a8-af6e-35a783c2e2dd,751a37a3-981b-eb11-a817-000d3a8b659d,f46b70cc-580b-4f1a-87c3-41deb48eb90d
f6f32a1e-e80f-41e0-83e9-7b2a116687b4,,,Search/Facet/Less,,,,Search/Facet/Less,Active,Active,,Timeline,,Show less,902854,d9e7ed64-7337-47a8-af6e-35a783c2e2dd,751a37a3-981b-eb11-a817-000d3a8b659d,f46b70cc-580b-4f1a-87c3-41deb48eb90d
0a2f713e-1fcf-45cb-b147-ea569b92b913,,,Search/Facet/Modified Date,,,,Search/Facet/ModifiedDate,Active,Active,,Timeline,,Modified date,902853,d9e7ed64-7337-47a8-af6e-35a783c2e2dd,751a37a3-981b-eb11-a817-000d3a8b659d,f46b70cc-580b-4f1a-87c3-41deb48eb90d
f2264e1e-3aba-469f-86c5-0464485f891f,,,Search/Facet/All,,,,Search/Facet/All,Active,Active,,Timeline,,All,902852,d9e7ed64-7337-47a8-af6e-35a783c2e2dd,751a37a3-981b-eb11-a817-000d3a8b659d,f46b70cc-580b-4f1a-87c3-41deb48eb90d
07aec4f8-344c-48f9-a1e8-87b6b20ce868,,,Search/Facet/Sort Order/Relevance,,,,Search/Facet/SortOrder/Relevance,Active,Active,,Timeline,,Relevance,902851,d9e7ed64-7337-47a8-af6e-35a783c2e2dd,751a37a3-981b-eb11-a817-000d3a8b659d,f46b70cc-580b-4f1a-87c3-41deb48eb90d
06b36ee1-1a92-4f38-aba4-e19657af915a,,,Social Share Widget Code Page Top,1,,,Social Share Widget Code Page Top,Active,Active,,Timeline,,,902850,d9e7ed64-7337-47a8-af6e-35a783c2e2dd,751a37a3-981b-eb11-a817-000d3a8b659d,f46b70cc-580b-4f1a-87c3-41deb48eb90d
4ac73f2f-05a3-4597-8980-89e9041d1200,,,Search/Facet/Sort Order/Views,,,,Search/Facet/SortOrder/Views,Active,Active,,Timeline,,View Count,902849,d9e7ed64-7337-47a8-af6e-35a783c2e2dd,751a37a3-981b-eb11-a817-000d3a8b659d,f46b70cc-580b-4f1a-87c3-41deb48eb90d
9a1746bb-7ab8-4a94-9c4d-08c62c812229,,,Search/Facet/Rating,,,,Search/Facet/Rating,Active,Active,,Timeline,,Rating,902848,d9e7ed64-7337-47a8-af6e-35a783c2e2dd,751a37a3-981b-eb11-a817-000d3a8b659d,f46b70cc-580b-4f1a-87c3-41deb48eb90d
c937a998-cad0-4633-be35-b3d34a818ee2,,,Search/Default/Filter Text,,,,Search/Default/FilterText,Active,Active,,Timeline,,All,902847,d9e7ed64-7337-47a8-af6e-35a783c2e2dd,751a37a3-981b-eb11-a817-000d3a8b659d,f46b70cc-580b-4f1a-87c3-41deb48eb90d
37ec4f82-1c78-4a3e-8184-b49d51376747,,,Account/Sign In/Username Label,,,,Account/SignIn/UsernameLabel,Active,Active,,Timeline,,User name,902846,d9e7ed64-7337-47a8-af6e-35a783c2e2dd,751a37a3-981b-eb11-a817-000d3a8b659d,f46b70cc-580b-4f1a-87c3-41deb48eb90d
0b898847-3471-4886-905e-7574a0cd3656,,,Account/Signin/Minor Without Parental Consent Not Allowed Copy,,,,Account/Signin/MinorWithoutParentalConsentNotAllowedCopy,Active,Active,,,,<p>The use of this portal by minors requires parental consent.</p>,902845,d9e7ed64-7337-47a8-af6e-35a783c2e2dd,751a37a3-981b-eb11-a817-000d3a8b659d,f46b70cc-580b-4f1a-87c3-41deb48eb90d
9145b53f-dce0-4d3a-9770-9261a2c84be7,,,Search/Facet/More,,,,Search/Facet/More,Active,Active,,Timeline,,Show more,902844,d9e7ed64-7337-47a8-af6e-35a783c2e2dd,751a37a3-981b-eb11-a817-000d3a8b659d,f46b70cc-580b-4f1a-87c3-41deb48eb90d
bc8a545d-55b9-4732-8e0a-8251e3be2989,,,Search/Facet/Record Type,,,,Search/Facet/RecordType,Active,Active,,Timeline,,Record Type,902843,d9e7ed64-7337-47a8-af6e-35a783c2e2dd,751a37a3-981b-eb11-a817-000d3a8b659d,f46b70cc-580b-4f1a-87c3-41deb48eb90d
cd0ba97f-6d38-40af-8637-f80f66ae6c40,,,Account/Signin/Minor Without Parental Consent Not Allowed Heading,,,,Account/Signin/MinorWithoutParentalConsentNotAllowedHeading,Active,Active,,Timeline,,Parental Consent,902842,d9e7ed64-7337-47a8-af6e-35a783c2e2dd,751a37a3-981b-eb11-a817-000d3a8b659d,f46b70cc-580b-4f1a-87c3-41deb48eb90d
9178fcc3-b4e9-4f11-9445-447dc59fe4e1,,,Account/Signin/Minor Not Allowed Copy,,,,Account/Signin/MinorNotAllowedCopy,Active,Active,,,,<p>The use of this portal by minors is not allowed.</p>,902841,d9e7ed64-7337-47a8-af6e-35a783c2e2dd,751a37a3-981b-eb11-a817-000d3a8b659d,f46b70cc-580b-4f1a-87c3-41deb48eb90d
12baad41-1ef8-4dd9-bf56-90574db57d3e,,,Account/Signin/Minor Not Allowed Heading,,,,Account/Signin/MinorNotAllowedHeading,Active,Active,,Timeline,,Age Requirements,902840,d9e7ed64-7337-47a8-af6e-35a783c2e2dd,751a37a3-981b-eb11-a817-000d3a8b659d,f46b70cc-580b-4f1a-87c3-41deb48eb90d
193de8bf-1b05-4930-bc45-6d54027f741b,,,Account/Signin/SignIn External Deprecated Form Heading,,,,Account/Signin/SignInExternalDeprecatedFormHeading,Active,Active,,Timeline,,Sign in with a legacy account,902839,d9e7ed64-7337-47a8-af6e-35a783c2e2dd,751a37a3-981b-eb11-a817-000d3a8b659d,f46b70cc-580b-4f1a-87c3-41deb48eb90d
d8f2afcb-6aeb-4867-89a8-fe58810605d7,,,Social Share Widget Code Page Bottom,1,,,Social Share Widget Code Page Bottom,Active,Active,,Timeline,,,902838,d9e7ed64-7337-47a8-af6e-35a783c2e2dd,751a37a3-981b-eb11-a817-000d3a8b659d,f46b70cc-580b-4f1a-87c3-41deb48eb90d
ce35dc0d-5a89-4207-a31f-9c429a434fc6,,,Account/Signin/Account Conversion Identity Used Error Heading,,,,Account/Signin/AccountConversionIdentityUsedErrorHeading,Active,Active,,Timeline,,Account Conversion Error,902837,d9e7ed64-7337-47a8-af6e-35a783c2e2dd,751a37a3-981b-eb11-a817-000d3a8b659d,f46b70cc-580b-4f1a-87c3-41deb48eb90d
795df74c-3e51-4503-82b2-180b4cac9dfb,,,Account/Conversion/SignIn External Form Heading,,,,Account/Conversion/SignInExternalFormHeading,Active,Active,,Timeline,,Sign in with a supported account,902836,d9e7ed64-7337-47a8-af6e-35a783c2e2dd,751a37a3-981b-eb11-a817-000d3a8b659d,f46b70cc-580b-4f1a-87c3-41deb48eb90d
08139968-dc8f-40b6-8204-bce4daa0f18e,,,Account/Signin/Account Conversion Identity Used Error Text,,,,Account/Signin/AccountConversionIdentityUsedErrorText,Active,Active,,,,"<p>This account already exists. Close your browser, restart the process, and select a different account on the <b>Account Migration</b> page.</p>",902835,d9e7ed64-7337-47a8-af6e-35a783c2e2dd,751a37a3-981b-eb11-a817-000d3a8b659d,f46b70cc-580b-4f1a-87c3-41deb48eb90d
66c0358d-210f-486c-b066-7ea554c0d5a1,,,Account/Conversion/Page Copy,,,,Account/Conversion/PageCopy,Active,Active,,,,"<p>You have signed in with an account that is no longer supported. To continue using this portal, you must migrate to a different account. Select the button below to sign in with a new or existing supported account.</p>",902834,d9e7ed64-7337-47a8-af6e-35a783c2e2dd,751a37a3-981b-eb11-a817-000d3a8b659d,f46b70cc-580b-4f1a-87c3-41deb48eb90d
61d7cf66-052d-4234-9244-629dbbd6e410,,,Account/Conversion/Page Title,,,,Account/Conversion/PageTitle,Active,Active,,Timeline,,Account Migration,902833,d9e7ed64-7337-47a8-af6e-35a783c2e2dd,751a37a3-981b-eb11-a817-000d3a8b659d,f46b70cc-580b-4f1a-87c3-41deb48eb90d
