adx_changeddate,importsequencenumber,adx_name,adx_urlhistoryid,statuscode,statecode,timezoneruleversionnumber,utcconversiontimezonecode,versionnumber,owningbusinessunit,adx_webfileid,adx_webpageid,adx_websiteid
11/18/2020 2:55:21 AM,,~/new-page-3,2fc0423e-f36b-1410-8e91-00871434a66f,Active,Active,0,,1251644,751a37a3-981b-eb11-a817-000d3a8b659d,,176aa519-b541-49bf-9b2f-57b10f05bb11,f46b70cc-580b-4f1a-87c3-41deb48eb90d
11/18/2020 2:55:21 AM,,~/new-page-3,1331433e-f36b-1410-879d-00043ed45f07,Active,Active,0,,1251643,751a37a3-981b-eb11-a817-000d3a8b659d,,d227a769-4929-eb11-a813-000d3a10d380,f46b70cc-580b-4f1a-87c3-41deb48eb90d
11/16/2020 11:23:36 PM,,~/my-page-profile/new-page-history,fedb423e-f36b-1410-8946-0001403f35a6,Active,Active,0,,1249567,751a37a3-981b-eb11-a817-000d3a8b659d,,e6702720-670c-4b57-adc7-c361d2bc9d50,f46b70cc-580b-4f1a-87c3-41deb48eb90d
11/16/2020 11:23:35 PM,,~/my-page-profile/new-page-history,f8db423e-f36b-1410-8946-0001403f35a6,Active,Active,0,,1249566,751a37a3-981b-eb11-a817-000d3a8b659d,,0797d1ea-5a28-eb11-a813-000d3a10d380,f46b70cc-580b-4f1a-87c3-41deb48eb90d
11/16/2020 11:12:52 PM,,~/new-page-history,f7db423e-f36b-1410-8946-0001403f35a6,Active,Active,0,,1249516,751a37a3-981b-eb11-a817-000d3a8b659d,,e6702720-670c-4b57-adc7-c361d2bc9d50,f46b70cc-580b-4f1a-87c3-41deb48eb90d
11/16/2020 11:12:52 PM,,~/new-page-history,f3db423e-f36b-1410-8946-0001403f35a6,Active,Active,0,,1249515,751a37a3-981b-eb11-a817-000d3a8b659d,,0797d1ea-5a28-eb11-a813-000d3a10d380,f46b70cc-580b-4f1a-87c3-41deb48eb90d
11/16/2020 11:12:52 PM,,~/my-page-profile,1604433e-f36b-1410-8726-00f35f828c1c,Active,Active,0,,1249503,751a37a3-981b-eb11-a817-000d3a8b659d,,84d64039-adc1-403f-9765-14e3df6da029,f46b70cc-580b-4f1a-87c3-41deb48eb90d
11/16/2020 11:12:52 PM,,~/my-page-profile,efdb423e-f36b-1410-8946-0001403f35a6,Active,Active,0,,1249502,751a37a3-981b-eb11-a817-000d3a8b659d,,78c12814-dd24-eb11-a813-000d3a10d380,f46b70cc-580b-4f1a-87c3-41deb48eb90d
11/16/2020 11:12:51 PM,,~/new-page-history,e9db423e-f36b-1410-8946-0001403f35a6,Active,Active,0,,1249501,751a37a3-981b-eb11-a817-000d3a8b659d,,e6702720-670c-4b57-adc7-c361d2bc9d50,f46b70cc-580b-4f1a-87c3-41deb48eb90d
11/16/2020 11:12:48 PM,,~/new-page-history,1104433e-f36b-1410-8726-00f35f828c1c,Active,Active,0,,1249498,751a37a3-981b-eb11-a817-000d3a8b659d,,0797d1ea-5a28-eb11-a813-000d3a10d380,f46b70cc-580b-4f1a-87c3-41deb48eb90d
11/16/2020 11:12:42 PM,,~/AvailableCourse/new-page-history,e3db423e-f36b-1410-8946-0001403f35a6,Active,Active,0,,1249470,751a37a3-981b-eb11-a817-000d3a8b659d,,0797d1ea-5a28-eb11-a813-000d3a10d380,f46b70cc-580b-4f1a-87c3-41deb48eb90d
11/16/2020 11:12:39 PM,,~/new-page-course,0c04433e-f36b-1410-8726-00f35f828c1c,Active,Active,0,,1249468,751a37a3-981b-eb11-a817-000d3a8b659d,,df3af095-168d-4578-b419-e97114aa600d,f46b70cc-580b-4f1a-87c3-41deb48eb90d
11/16/2020 11:12:39 PM,,~/my-page-profile,dadb423e-f36b-1410-8946-0001403f35a6,Active,Active,0,,1249467,751a37a3-981b-eb11-a817-000d3a8b659d,,78c12814-dd24-eb11-a813-000d3a10d380,f46b70cc-580b-4f1a-87c3-41deb48eb90d
11/16/2020 11:12:39 PM,,~/new-page-course,e0db423e-f36b-1410-8946-0001403f35a6,Active,Active,0,,1249466,751a37a3-981b-eb11-a817-000d3a8b659d,,0a8cd3a6-8021-eb11-a813-000d3a10d380,f46b70cc-580b-4f1a-87c3-41deb48eb90d
11/16/2020 11:12:39 PM,,~/AvailableCourse/new-page-history,d6db423e-f36b-1410-8946-0001403f35a6,Active,Active,0,,1249465,751a37a3-981b-eb11-a817-000d3a8b659d,,e6702720-670c-4b57-adc7-c361d2bc9d50,f46b70cc-580b-4f1a-87c3-41deb48eb90d
11/16/2020 11:12:39 PM,,~/my-page-profile,d8db423e-f36b-1410-8946-0001403f35a6,Active,Active,0,,1249464,751a37a3-981b-eb11-a817-000d3a8b659d,,84d64039-adc1-403f-9765-14e3df6da029,f46b70cc-580b-4f1a-87c3-41deb48eb90d
11/16/2020 11:12:39 PM,,~/Course-Details-Page,dcdb423e-f36b-1410-8946-0001403f35a6,Active,Active,0,,1249463,751a37a3-981b-eb11-a817-000d3a8b659d,,e94fac70-b443-4eed-abb8-4789a6dee751,f46b70cc-580b-4f1a-87c3-41deb48eb90d
11/16/2020 11:12:39 PM,,~/Course-Details-Page,dedb423e-f36b-1410-8946-0001403f35a6,Active,Active,0,,1249462,751a37a3-981b-eb11-a817-000d3a8b659d,,4683cde7-9c26-eb11-a813-000d3a9a025a,f46b70cc-580b-4f1a-87c3-41deb48eb90d
11/16/2020 10:28:17 PM,,~/AvailableCourse/new-page-3,d4db423e-f36b-1410-8946-0001403f35a6,Active,Active,0,,1249146,751a37a3-981b-eb11-a817-000d3a8b659d,,e6702720-670c-4b57-adc7-c361d2bc9d50,f46b70cc-580b-4f1a-87c3-41deb48eb90d
11/16/2020 10:28:17 PM,,~/AvailableCourse/new-page-3,0604433e-f36b-1410-8726-00f35f828c1c,Active,Active,0,,1249145,751a37a3-981b-eb11-a817-000d3a8b659d,,0797d1ea-5a28-eb11-a813-000d3a10d380,f46b70cc-580b-4f1a-87c3-41deb48eb90d
11/16/2020 10:26:27 PM,,~/AvailableCourse/new-page-course-section,cedb423e-f36b-1410-8946-0001403f35a6,Active,Active,0,,1249044,751a37a3-981b-eb11-a817-000d3a8b659d,,b6f63416-c2b7-4edf-b3ef-f4108ba9afe0,f46b70cc-580b-4f1a-87c3-41deb48eb90d
11/16/2020 10:26:23 PM,,~/AvailableCourse/new-page-course-section,cadb423e-f36b-1410-8946-0001403f35a6,Active,Active,0,,1249042,751a37a3-981b-eb11-a817-000d3a8b659d,,0dd46e50-5a28-eb11-a813-000d3a10d380,f46b70cc-580b-4f1a-87c3-41deb48eb90d
11/16/2020 10:23:48 PM,,~/AvailableCourse/new-page-3,c7db423e-f36b-1410-8946-0001403f35a6,Active,Active,0,,1248937,751a37a3-981b-eb11-a817-000d3a8b659d,,b6f63416-c2b7-4edf-b3ef-f4108ba9afe0,f46b70cc-580b-4f1a-87c3-41deb48eb90d
11/16/2020 10:23:48 PM,,~/AvailableCourse/new-page-3,0104433e-f36b-1410-8726-00f35f828c1c,Active,Active,0,,1248936,751a37a3-981b-eb11-a817-000d3a8b659d,,0dd46e50-5a28-eb11-a813-000d3a10d380,f46b70cc-580b-4f1a-87c3-41deb48eb90d
11/14/2020 10:12:37 PM,,~/my-page-profile/new-page-course,0bbd433e-f36b-1410-8cf3-00cf2425b50a,Active,Active,0,,1187675,751a37a3-981b-eb11-a817-000d3a8b659d,,0a8cd3a6-8021-eb11-a813-000d3a10d380,f46b70cc-580b-4f1a-87c3-41deb48eb90d
11/14/2020 10:12:30 PM,,~/Course-Details-Page,a3d2423e-f36b-1410-8f78-00bfbc521269,Active,Active,0,,1187674,751a37a3-981b-eb11-a817-000d3a8b659d,,e94fac70-b443-4eed-abb8-4789a6dee751,f46b70cc-580b-4f1a-87c3-41deb48eb90d
11/14/2020 10:12:29 PM,,~/Course-Details-Page,07bd433e-f36b-1410-8cf3-00cf2425b50a,Active,Active,0,,1187673,751a37a3-981b-eb11-a817-000d3a8b659d,,4683cde7-9c26-eb11-a813-000d3a9a025a,f46b70cc-580b-4f1a-87c3-41deb48eb90d
11/14/2020 10:12:29 PM,,~/my-page-profile/new-page-course,01bd433e-f36b-1410-8cf3-00cf2425b50a,Active,Active,0,,1187672,751a37a3-981b-eb11-a817-000d3a8b659d,,df3af095-168d-4578-b419-e97114aa600d,f46b70cc-580b-4f1a-87c3-41deb48eb90d
11/14/2020 10:12:09 PM,,~/new-page-course,a0d2423e-f36b-1410-8f78-00bfbc521269,Active,Active,0,,1187644,751a37a3-981b-eb11-a817-000d3a8b659d,,df3af095-168d-4578-b419-e97114aa600d,f46b70cc-580b-4f1a-87c3-41deb48eb90d
11/14/2020 10:12:06 PM,,~/new-page-course,99d2423e-f36b-1410-8f78-00bfbc521269,Active,Active,0,,1187643,751a37a3-981b-eb11-a817-000d3a8b659d,,0a8cd3a6-8021-eb11-a813-000d3a10d380,f46b70cc-580b-4f1a-87c3-41deb48eb90d
11/14/2020 5:15:25 PM,,~/new-page-3,745b433e-f36b-1410-8f4e-0037f9a49866,Active,Active,0,,1186992,751a37a3-981b-eb11-a817-000d3a8b659d,,e94fac70-b443-4eed-abb8-4789a6dee751,f46b70cc-580b-4f1a-87c3-41deb48eb90d
11/14/2020 5:15:25 PM,,~/new-page-3,775b433e-f36b-1410-8f4e-0037f9a49866,Active,Active,0,,1186991,751a37a3-981b-eb11-a817-000d3a8b659d,,4683cde7-9c26-eb11-a813-000d3a9a025a,f46b70cc-580b-4f1a-87c3-41deb48eb90d
11/12/2020 12:05:38 PM,,~/new-page-course/Course-details-page,f209433e-f36b-1410-8777-001c51dbef7e,Active,Active,0,,1162804,751a37a3-981b-eb11-a817-000d3a8b659d,,4c819278-0162-4318-8e9e-94ccbe283435,f46b70cc-580b-4f1a-87c3-41deb48eb90d
11/12/2020 12:05:36 PM,,~/new-page-course/Course-details-page,f109433e-f36b-1410-8777-001c51dbef7e,Active,Active,0,,1162803,751a37a3-981b-eb11-a817-000d3a8b659d,,2e8004df-de24-eb11-a813-000d3a10d380,f46b70cc-580b-4f1a-87c3-41deb48eb90d
11/12/2020 12:02:33 PM,,~/new-page-course/new-page-3,add9423e-f36b-1410-8cd9-00923b3fd9b8,Active,Active,0,,1162738,751a37a3-981b-eb11-a817-000d3a8b659d,,4c819278-0162-4318-8e9e-94ccbe283435,f46b70cc-580b-4f1a-87c3-41deb48eb90d
11/12/2020 12:02:31 PM,,~/new-page-course/new-page-3,abd9423e-f36b-1410-8cd9-00923b3fd9b8,Active,Active,0,,1162737,751a37a3-981b-eb11-a817-000d3a8b659d,,2e8004df-de24-eb11-a813-000d3a10d380,f46b70cc-580b-4f1a-87c3-41deb48eb90d
11/12/2020 11:49:40 AM,,~/new-page-3,a4d9423e-f36b-1410-8cd9-00923b3fd9b8,Active,Active,0,,1162523,751a37a3-981b-eb11-a817-000d3a8b659d,,84d64039-adc1-403f-9765-14e3df6da029,f46b70cc-580b-4f1a-87c3-41deb48eb90d
11/12/2020 11:49:35 AM,,~/new-page-3,a0d9423e-f36b-1410-8cd9-00923b3fd9b8,Active,Active,0,,1162499,751a37a3-981b-eb11-a817-000d3a8b659d,,78c12814-dd24-eb11-a813-000d3a10d380,f46b70cc-580b-4f1a-87c3-41deb48eb90d
11/8/2020 5:26:33 AM,,~/new-page-3,350d433e-f36b-1410-82d3-000da78df6cd,Active,Active,0,,1047248,751a37a3-981b-eb11-a817-000d3a8b659d,,b76537e5-8221-eb11-a813-000d3a10d380,f46b70cc-580b-4f1a-87c3-41deb48eb90d
11/8/2020 5:26:33 AM,,~/new-page-3,d80a433e-f36b-1410-8615-0080d4959240,Active,Active,0,,1047247,751a37a3-981b-eb11-a817-000d3a8b659d,,3a6bede2-8eaa-4a5b-b3e9-467a57df2e70,f46b70cc-580b-4f1a-87c3-41deb48eb90d
11/8/2020 5:22:46 AM,,~/new-page-course/new-page-2,d60a433e-f36b-1410-8615-0080d4959240,Active,Active,0,,1047127,751a37a3-981b-eb11-a817-000d3a8b659d,,6e911a77-c31a-4095-82f2-2264a1de09bb,f46b70cc-580b-4f1a-87c3-41deb48eb90d
11/8/2020 5:22:43 AM,,~/new-page-course/new-page-2,330d433e-f36b-1410-82d3-000da78df6cd,Active,Active,0,,1047125,751a37a3-981b-eb11-a817-000d3a8b659d,,b763620d-8221-eb11-a813-000d3a10d380,f46b70cc-580b-4f1a-87c3-41deb48eb90d
11/8/2020 5:17:42 AM,,~/Course-Azure,d00a433e-f36b-1410-8615-0080d4959240,Active,Active,0,,1047026,751a37a3-981b-eb11-a817-000d3a8b659d,,073adcaa-d943-418c-82de-50af41769da4,f46b70cc-580b-4f1a-87c3-41deb48eb90d
11/8/2020 5:17:42 AM,,~/Course-Azure,cd0a433e-f36b-1410-8615-0080d4959240,Active,Active,0,,1047025,751a37a3-981b-eb11-a817-000d3a8b659d,,b79412fb-230b-4400-b773-ac2e54b9a451,f46b70cc-580b-4f1a-87c3-41deb48eb90d
11/8/2020 5:17:35 AM,,~/Course-DevOps,300d433e-f36b-1410-82d3-000da78df6cd,Active,Active,0,,1047007,751a37a3-981b-eb11-a817-000d3a8b659d,,e1e609ad-384a-49ed-b4b2-b60f81fa2dcd,f46b70cc-580b-4f1a-87c3-41deb48eb90d
11/8/2020 5:17:35 AM,,~/Course-DevOps,ca0a433e-f36b-1410-8615-0080d4959240,Active,Active,0,,1047006,751a37a3-981b-eb11-a817-000d3a8b659d,,9ae15591-50d6-4ce8-8885-68b943b7e03d,f46b70cc-580b-4f1a-87c3-41deb48eb90d
11/8/2020 5:17:32 AM,,~/Courses/Course-Azure,c70a433e-f36b-1410-8615-0080d4959240,Active,Active,0,,1046989,751a37a3-981b-eb11-a817-000d3a8b659d,,b79412fb-230b-4400-b773-ac2e54b9a451,f46b70cc-580b-4f1a-87c3-41deb48eb90d
11/8/2020 5:17:32 AM,,~/Courses/Course-Azure,2f0d433e-f36b-1410-82d3-000da78df6cd,Active,Active,0,,1046988,751a37a3-981b-eb11-a817-000d3a8b659d,,073adcaa-d943-418c-82de-50af41769da4,f46b70cc-580b-4f1a-87c3-41deb48eb90d
11/8/2020 5:17:32 AM,,~/Courses/Course-DevOps,c10a433e-f36b-1410-8615-0080d4959240,Active,Active,0,,1046987,751a37a3-981b-eb11-a817-000d3a8b659d,,9ae15591-50d6-4ce8-8885-68b943b7e03d,f46b70cc-580b-4f1a-87c3-41deb48eb90d
11/8/2020 5:17:32 AM,,~/Courses/Course-DevOps,2e0d433e-f36b-1410-82d3-000da78df6cd,Active,Active,0,,1046986,751a37a3-981b-eb11-a817-000d3a8b659d,,e1e609ad-384a-49ed-b4b2-b60f81fa2dcd,f46b70cc-580b-4f1a-87c3-41deb48eb90d
11/8/2020 5:17:31 AM,,~/Courses,bb0a433e-f36b-1410-8615-0080d4959240,Active,Active,0,,1046984,751a37a3-981b-eb11-a817-000d3a8b659d,,4e5f61f6-a476-4e81-b69b-e4c3a30bc7ab,f46b70cc-580b-4f1a-87c3-41deb48eb90d
11/8/2020 5:17:30 AM,,~/Courses,270d433e-f36b-1410-82d3-000da78df6cd,Active,Active,0,,1046983,751a37a3-981b-eb11-a817-000d3a8b659d,,efa9b023-17ae-460b-a472-36d72908beb8,f46b70cc-580b-4f1a-87c3-41deb48eb90d
11/8/2020 5:15:00 AM,,~/new-page-course/ListOfCourses,230d433e-f36b-1410-82d3-000da78df6cd,Active,Active,0,,1046937,751a37a3-981b-eb11-a817-000d3a8b659d,,c8fbf738-8121-eb11-a813-000d3a10d380,f46b70cc-580b-4f1a-87c3-41deb48eb90d
11/8/2020 5:15:00 AM,,~/new-page-course/ListOfCourses,b90a433e-f36b-1410-8615-0080d4959240,Active,Active,0,,1046935,751a37a3-981b-eb11-a817-000d3a8b659d,,f10b9c35-6581-4160-8ec7-05ef9a7de9b1,f46b70cc-580b-4f1a-87c3-41deb48eb90d
11/8/2020 5:14:45 AM,,~/new-page-course/new-page-1,b50a433e-f36b-1410-8615-0080d4959240,Active,Active,0,,1046917,751a37a3-981b-eb11-a817-000d3a8b659d,,f10b9c35-6581-4160-8ec7-05ef9a7de9b1,f46b70cc-580b-4f1a-87c3-41deb48eb90d
11/8/2020 5:14:41 AM,,~/new-page-course/new-page-1,b40a433e-f36b-1410-8615-0080d4959240,Active,Active,0,,1046915,751a37a3-981b-eb11-a817-000d3a8b659d,,c8fbf738-8121-eb11-a813-000d3a10d380,f46b70cc-580b-4f1a-87c3-41deb48eb90d
11/8/2020 5:14:28 AM,,~/new-page-course,ad0a433e-f36b-1410-8615-0080d4959240,Active,Active,0,,1046891,751a37a3-981b-eb11-a817-000d3a8b659d,,0a8cd3a6-8021-eb11-a813-000d3a10d380,f46b70cc-580b-4f1a-87c3-41deb48eb90d
11/8/2020 5:14:28 AM,,~/Courses,1f0d433e-f36b-1410-82d3-000da78df6cd,Active,Active,0,,1046890,751a37a3-981b-eb11-a817-000d3a8b659d,,4e5f61f6-a476-4e81-b69b-e4c3a30bc7ab,f46b70cc-580b-4f1a-87c3-41deb48eb90d
11/8/2020 5:14:28 AM,,~/new-page-course,1e0d433e-f36b-1410-82d3-000da78df6cd,Active,Active,0,,1046889,751a37a3-981b-eb11-a817-000d3a8b659d,,df3af095-168d-4578-b419-e97114aa600d,f46b70cc-580b-4f1a-87c3-41deb48eb90d
11/8/2020 5:14:24 AM,,~/Courses,1d0d433e-f36b-1410-82d3-000da78df6cd,Active,Active,0,,1046887,751a37a3-981b-eb11-a817-000d3a8b659d,,efa9b023-17ae-460b-a472-36d72908beb8,f46b70cc-580b-4f1a-87c3-41deb48eb90d
11/8/2020 5:14:13 AM,,~/about-us,140d433e-f36b-1410-82d3-000da78df6cd,Active,Active,0,,1046859,751a37a3-981b-eb11-a817-000d3a8b659d,,8f1a08a0-d447-4807-bfb1-dcab18586488,f46b70cc-580b-4f1a-87c3-41deb48eb90d
11/8/2020 5:14:13 AM,,~/new-page-course,ac0a433e-f36b-1410-8615-0080d4959240,Active,Active,0,,1046858,751a37a3-981b-eb11-a817-000d3a8b659d,,df3af095-168d-4578-b419-e97114aa600d,f46b70cc-580b-4f1a-87c3-41deb48eb90d
11/8/2020 5:14:13 AM,,~/new-page-course,100d433e-f36b-1410-82d3-000da78df6cd,Active,Active,0,,1046857,751a37a3-981b-eb11-a817-000d3a8b659d,,0a8cd3a6-8021-eb11-a813-000d3a10d380,f46b70cc-580b-4f1a-87c3-41deb48eb90d
11/8/2020 5:14:13 AM,,~/about-us,180d433e-f36b-1410-82d3-000da78df6cd,Active,Active,0,,1046856,751a37a3-981b-eb11-a817-000d3a8b659d,,961b8d70-38d5-4cdc-8f75-7b346b6c6b41,f46b70cc-580b-4f1a-87c3-41deb48eb90d
11/8/2020 5:10:32 AM,,~/new-page-1,0c0d433e-f36b-1410-82d3-000da78df6cd,Active,Active,0,,1046802,751a37a3-981b-eb11-a817-000d3a8b659d,,0a8cd3a6-8021-eb11-a813-000d3a10d380,f46b70cc-580b-4f1a-87c3-41deb48eb90d
11/8/2020 5:10:32 AM,,~/new-page-1,a50a433e-f36b-1410-8615-0080d4959240,Active,Active,0,,1046801,751a37a3-981b-eb11-a817-000d3a8b659d,,df3af095-168d-4578-b419-e97114aa600d,f46b70cc-580b-4f1a-87c3-41deb48eb90d
11/6/2020 5:20:17 PM,,~/services,0082433e-f36b-1410-8ff0-005bbcd6581a,Active,Active,4,,903889,751a37a3-981b-eb11-a817-000d3a8b659d,,4e5f61f6-a476-4e81-b69b-e4c3a30bc7ab,f46b70cc-580b-4f1a-87c3-41deb48eb90d
11/6/2020 5:20:15 PM,,~/services,f981433e-f36b-1410-8ff0-005bbcd6581a,Active,Active,4,,903886,751a37a3-981b-eb11-a817-000d3a8b659d,,efa9b023-17ae-460b-a472-36d72908beb8,f46b70cc-580b-4f1a-87c3-41deb48eb90d
11/6/2020 5:17:59 PM,,~/services/product-b,f781433e-f36b-1410-8ff0-005bbcd6581a,Active,Active,4,,903855,751a37a3-981b-eb11-a817-000d3a8b659d,,9ae15591-50d6-4ce8-8885-68b943b7e03d,f46b70cc-580b-4f1a-87c3-41deb48eb90d
11/6/2020 5:17:56 PM,,~/services/product-b,f281433e-f36b-1410-8ff0-005bbcd6581a,Active,Active,4,,903853,751a37a3-981b-eb11-a817-000d3a8b659d,,e1e609ad-384a-49ed-b4b2-b60f81fa2dcd,f46b70cc-580b-4f1a-87c3-41deb48eb90d
11/6/2020 5:17:42 PM,,~/services/product-a,72b1433e-f36b-1410-8c40-009d52ba44f9,Active,Active,4,,903838,751a37a3-981b-eb11-a817-000d3a8b659d,,b79412fb-230b-4400-b773-ac2e54b9a451,f46b70cc-580b-4f1a-87c3-41deb48eb90d
11/6/2020 5:17:40 PM,,~/services/product-a,6cb1433e-f36b-1410-8c40-009d52ba44f9,Active,Active,4,,903836,751a37a3-981b-eb11-a817-000d3a8b659d,,073adcaa-d943-418c-82de-50af41769da4,f46b70cc-580b-4f1a-87c3-41deb48eb90d
