adx_description,importsequencenumber,adx_languagecode,adx_lcid,adx_name,adx_displayname,adx_portallanguageid,statuscode,statecode,adx_systemlanguage,timezoneruleversionnumber,utcconversiontimezonecode,versionnumber,owningbusinessunit
,,sr-Latn-CS,2074,Serbian (Latin) - Serbia,srpski,6c280e8d-c9a9-4aec-af16-149acfe4ef56,Active,Active,2074,,,902816,751a37a3-981b-eb11-a817-000d3a8b659d
,,ms-MY,1086,Malay - Malaysia,Bahasa Melayu,5bb26ffc-d6d8-424c-a76f-ba8bc2772edf,Active,Active,1086,,,902815,751a37a3-981b-eb11-a817-000d3a8b659d
,,nl-NL,1043,Dutch - Netherlands,Nederlands,39b22e15-4f82-4b4f-8649-44f90e9b8350,Active,Active,1043,,,902814,751a37a3-981b-eb11-a817-000d3a8b659d
,,fr-FR,1036,French - France,français,89559da7-8df8-4ba2-8e1c-c37bc35a7c2b,Active,Active,1036,,,902813,751a37a3-981b-eb11-a817-000d3a8b659d
,,pt-PT,2070,Portuguese - Portugal,português (Portugal),d6fb9cef-3e8a-4691-a34b-b2b3e2e7a96b,Active,Active,2070,,,902812,751a37a3-981b-eb11-a817-000d3a8b659d
,,lv-LV,1062,Latvian - Latvia,latviešu,f7438490-8097-4722-ae68-28c585943983,Active,Active,1062,,,902811,751a37a3-981b-eb11-a817-000d3a8b659d
,,ru-RU,1049,Russian - Russia,русский,03077b04-c91f-48ed-94cf-88fb3cbf158c,Active,Active,1049,,,902810,751a37a3-981b-eb11-a817-000d3a8b659d
,,hi-IN,1081,Hindi - India,हिंदी,1b73b096-b676-46e4-ba50-17fee6909d40,Active,Active,1081,,,902809,751a37a3-981b-eb11-a817-000d3a8b659d
,,gl-ES,1110,Galician - Spain,galego,c2e31fb1-2802-4287-88e0-58d7429ca0da,Active,Active,1110,,,902808,751a37a3-981b-eb11-a817-000d3a8b659d
,,da-DK,1030,Danish - Denmark,dansk,3365506c-1b8c-4f2b-ae80-df6979df65b4,Active,Active,1030,,,902807,751a37a3-981b-eb11-a817-000d3a8b659d
,,es-ES,3082,Spanish (Traditional Sort) - Spain,español,5f201883-1d36-4a40-9705-6f25c5a8e325,Active,Active,3082,,,902806,751a37a3-981b-eb11-a817-000d3a8b659d
,,vi-VN,1066,Vietnamese - Vietnam,Tiếng Việt,3771ca3b-2162-4e88-b552-293acb61e6e1,Active,Active,1066,,,902805,751a37a3-981b-eb11-a817-000d3a8b659d
,,kk-KZ,1087,Kazakh - Kazakhstan,қазақ тілі,e9f71826-28b5-467a-a1bd-7439f0209cbb,Active,Active,1087,,,902804,751a37a3-981b-eb11-a817-000d3a8b659d
,,et-EE,1061,Estonian - Estonia,eesti,d26fd4c2-26e5-41f1-ad8c-707bfa8ea659,Active,Active,1061,,,902802,751a37a3-981b-eb11-a817-000d3a8b659d
,,zh-HK,3076,Chinese - Hong Kong SAR,中文(香港特別行政區),f996f22d-7c5f-41f8-ae17-703df89ab996,Active,Active,3076,,,902801,751a37a3-981b-eb11-a817-000d3a8b659d
,,zh-CN,2052,Chinese - China,中文(中国),7e955d00-70f1-4807-ac68-35a308783512,Active,Active,2052,,,902800,751a37a3-981b-eb11-a817-000d3a8b659d
,,lt-LT,1063,Lithuanian - Lithuania,lietuvių,455690e2-69b9-43ff-8326-8916a5825527,Active,Active,1063,,,902799,751a37a3-981b-eb11-a817-000d3a8b659d
,,uk-UA,1058,Ukrainian - Ukraine,українська,51612c1c-d459-4ddb-88c5-fa358ce5c334,Active,Active,1058,,,902798,751a37a3-981b-eb11-a817-000d3a8b659d
,,sr-Cyrl-CS,3098,Serbian (Cyrillic) - Serbia,српски,d3df2402-b37f-4f92-9618-f9019272ed0d,Active,Active,3098,,,902797,751a37a3-981b-eb11-a817-000d3a8b659d
,,eu-ES,1069,Basque - Basque,euskara,5ee25c67-5f97-452b-a540-fee6faab6c0c,Active,Active,1069,,,902796,751a37a3-981b-eb11-a817-000d3a8b659d
,,ko-KR,1042,Korean - Korea,한국어,b6802d48-9f4d-4ee1-a9ae-9b5fe2d9566f,Active,Active,1042,,,902795,751a37a3-981b-eb11-a817-000d3a8b659d
,,id-ID,1057,Indonesian - Indonesia,Bahasa Indonesia,9df3b432-c81f-442e-a766-56b4ce260eba,Active,Active,1057,,,902794,751a37a3-981b-eb11-a817-000d3a8b659d
,,fi-FI,1035,Finnish - Finland,suomi,2fc0ead7-2801-4293-8a86-13a7d7801c57,Active,Active,1035,,,902793,751a37a3-981b-eb11-a817-000d3a8b659d
,,tr-TR,1055,Turkish - Turkey,Türkçe,45c56962-312e-4570-a657-d72af3d54e28,Active,Active,1055,,,902792,751a37a3-981b-eb11-a817-000d3a8b659d
,,ro-RO,1048,Romanian - Romania,română,6517d863-fa39-4f3e-a9e3-b17f869a1b85,Active,Active,1048,,,902791,751a37a3-981b-eb11-a817-000d3a8b659d
,,sl-SI,1060,Slovenian - Slovenia,slovenščina,b49533bb-b792-406b-86f1-587fad19bfaa,Active,Active,1060,,,902790,751a37a3-981b-eb11-a817-000d3a8b659d
,,it-IT,1040,Italian - Italy,italiano,1f5fa9c9-4a09-4464-ba6c-57d62caa3035,Active,Active,1040,,,902789,751a37a3-981b-eb11-a817-000d3a8b659d
,,th-TH,1054,Thai - Thailand,ไทย,05ea5f3c-d001-44cb-847a-543946b478c1,Active,Active,1054,,,902788,751a37a3-981b-eb11-a817-000d3a8b659d
,,el-GR,1032,Greek - Greece,Ελληνικά,f4dc11bd-1d9f-4fee-a497-cb2cd07bce6f,Active,Active,1032,,,902787,751a37a3-981b-eb11-a817-000d3a8b659d
,,cs-CZ,1029,Czech - Czech Republic,čeština,e4abcdef-eceb-4c3f-9bfb-6d33b9456332,Active,Active,1029,,,902786,751a37a3-981b-eb11-a817-000d3a8b659d
,,pl-PL,1045,Polish - Poland,polski,9a626c1e-53e0-4133-a348-396289700f14,Active,Active,1045,,,902785,751a37a3-981b-eb11-a817-000d3a8b659d
,,sk-SK,1051,Slovak - Slovakia,slovenčina,5407e002-6885-4a6c-9e25-301e3bea4f3a,Active,Active,1051,,,902784,751a37a3-981b-eb11-a817-000d3a8b659d
,,hu-HU,1038,Hungarian - Hungary,magyar,3e831b30-8e11-401c-850a-8ab52fe42f71,Active,Active,1038,,,902783,751a37a3-981b-eb11-a817-000d3a8b659d
,,ca-ES,1027,Catalan - Catalan,català,69444a07-93de-4229-8584-d06859b49816,Active,Active,1027,,,902782,751a37a3-981b-eb11-a817-000d3a8b659d
,,de-DE,1031,German - Germany,Deutsch,2cbe9eb3-1b04-4861-b67c-da55db38cf03,Active,Active,1031,,,902781,751a37a3-981b-eb11-a817-000d3a8b659d
,,hr-HR,1050,Croatian - Croatia,hrvatski,23417f5f-dd4c-4775-9460-e5f8446872d8,Active,Active,1050,,,902780,751a37a3-981b-eb11-a817-000d3a8b659d
,,nb-NO,1044,Norwegian (Bokmål) - Norway,norsk bokmål,5a832235-c833-440a-be5c-341c52c2d96f,Active,Active,1044,,,902779,751a37a3-981b-eb11-a817-000d3a8b659d
,,zh-TW,1028,Chinese - Traditional,中文(台灣),e9e73e6a-1eac-4cd1-92df-8b3730de76fe,Active,Active,1028,,,902778,751a37a3-981b-eb11-a817-000d3a8b659d
,,ja-JP,1041,Japanese - Japan,日本語,5ca1d440-c322-4f5b-8e5b-86a55213fb8f,Active,Active,1041,,,902777,751a37a3-981b-eb11-a817-000d3a8b659d
,,sv-SE,1053,Swedish - Sweden,svenska,2745726d-676e-4216-9185-73dd6a1fdcd4,Active,Active,1053,,,902776,751a37a3-981b-eb11-a817-000d3a8b659d
,,en-US,1033,English,English,58f26a8d-8f0f-4758-afc0-1ceeb882c545,Active,Active,1033,,,902775,751a37a3-981b-eb11-a817-000d3a8b659d
,,pt-BR,1046,Portuguese - Brazil,português (Brasil),d1d643ad-6843-4c9d-a4de-f3d32cd6550d,Active,Active,1046,,,902774,751a37a3-981b-eb11-a817-000d3a8b659d
,,bg-BG,1026,Bulgarian - Bulgaria,български,91d3f683-8776-4730-a324-955efde8d785,Active,Active,1026,,,902773,751a37a3-981b-eb11-a817-000d3a8b659d
