adx_alloworigin,adx_cloudblobaddress,adx_contentdisposition,adx_createdbyipaddress,adx_createdbyusername,adx_displaydate,adx_displayorder,adx_enabletracking,adx_excludefromsearch,adx_expirationdate,adx_hiddenfromsitemap,importsequencenumber,adx_modifiedbyipaddress,adx_modifiedbyusername,adx_name,adx_partialurl,adx_releasedate,statuscode,statecode,adx_summary,timezoneruleversionnumber,adx_title,utcconversiontimezonecode,versionnumber,adx_webfileid,adx_masterwebfileid,owningbusinessunit,adx_parentpageid,adx_publishingstateid,adx_subjectid,adx_websiteid
,,inline,,,,11,false,false,,false,,,,portalbasictheme.css,portalbasictheme.css,,Active,Active,,,,,1252018,5dbaab9d-2b28-eb11-a813-000d3a10d380,,751a37a3-981b-eb11-a817-000d3a8b659d,87cdfb86-e3c8-48d7-8a99-c6fb2cbcb845,38c7d71a-31fd-4c2a-b7b0-fa2cc7381654,,f46b70cc-580b-4f1a-87c3-41deb48eb90d
,,inline,,,,,false,false,,false,,,,IPD black/yellow,Dark yellow-copy-1.scss,,Active,Active,Based on black/yellow theme by IPD,,Dark yellow copy (1),,1252015,0f2041b6-2b28-eb11-a813-000d3a10d380,,751a37a3-981b-eb11-a817-000d3a8b659d,87cdfb86-e3c8-48d7-8a99-c6fb2cbcb845,38c7d71a-31fd-4c2a-b7b0-fa2cc7381654,,f46b70cc-580b-4f1a-87c3-41deb48eb90d
,,inline,,,,,false,false,,false,,,,clement-h-95YRwf6CNw8-unsplash.jpg,clement-h-95YRwf6CNw8-unsplash.jpg,,Active,Active,,,,,1251247,f0a1b8ce-dd28-eb11-a813-000d3a10d380,,751a37a3-981b-eb11-a817-000d3a8b659d,87cdfb86-e3c8-48d7-8a99-c6fb2cbcb845,38c7d71a-31fd-4c2a-b7b0-fa2cc7381654,,f46b70cc-580b-4f1a-87c3-41deb48eb90d
,,inline,,,,,false,false,,false,,,,New theme (1),new-theme-1.scss,,Inactive,Inactive,Description here,,New theme (1),,1248560,42a52de2-7227-eb11-a813-000d3a10d380,,751a37a3-981b-eb11-a817-000d3a8b659d,87cdfb86-e3c8-48d7-8a99-c6fb2cbcb845,38c7d71a-31fd-4c2a-b7b0-fa2cc7381654,,f46b70cc-580b-4f1a-87c3-41deb48eb90d
,,inline,,,,,false,false,,false,,,,New theme (2),new-theme-2.scss,,Inactive,Inactive,Description here,,New theme (2),,1248558,71c99acf-3f28-eb11-a813-000d3a10d380,,751a37a3-981b-eb11-a817-000d3a8b659d,87cdfb86-e3c8-48d7-8a99-c6fb2cbcb845,38c7d71a-31fd-4c2a-b7b0-fa2cc7381654,,f46b70cc-580b-4f1a-87c3-41deb48eb90d
,,inline,,,,,false,false,,false,,,,william-duggan-1SmpGvlKq2U-unsplash.jpg,william-duggan-1SmpGvlKq2U-unsplash.jpg,,Active,Active,,,,,1248093,59725e76-2c28-eb11-a813-000d3a10d380,,751a37a3-981b-eb11-a817-000d3a8b659d,87cdfb86-e3c8-48d7-8a99-c6fb2cbcb845,38c7d71a-31fd-4c2a-b7b0-fa2cc7381654,,f46b70cc-580b-4f1a-87c3-41deb48eb90d
,,inline,,,,10,false,false,,false,,,,portalbasictheme.css,portalbasictheme.css,,Inactive,Inactive,,,,,1247881,37e477d3-c726-eb11-a813-000d3a10d380,,751a37a3-981b-eb11-a817-000d3a8b659d,87cdfb86-e3c8-48d7-8a99-c6fb2cbcb845,38c7d71a-31fd-4c2a-b7b0-fa2cc7381654,,f46b70cc-580b-4f1a-87c3-41deb48eb90d
,,inline,,,,,false,false,,false,,,,detroit.jpg,detroit.jpg,,Active,Active,,,,,1247367,e057a1a8-7227-eb11-a813-000d3a10d380,,751a37a3-981b-eb11-a817-000d3a8b659d,87cdfb86-e3c8-48d7-8a99-c6fb2cbcb845,38c7d71a-31fd-4c2a-b7b0-fa2cc7381654,,f46b70cc-580b-4f1a-87c3-41deb48eb90d
,,inline,,,,,false,false,,false,,,,Purple copy (1),Purple-copy-1.scss,,Active,Active,PURPLE THEME,,Purple copy (1),,1187938,b2e21c33-c826-eb11-a813-000d3a10d380,,751a37a3-981b-eb11-a817-000d3a8b659d,87cdfb86-e3c8-48d7-8a99-c6fb2cbcb845,38c7d71a-31fd-4c2a-b7b0-fa2cc7381654,,f46b70cc-580b-4f1a-87c3-41deb48eb90d
,,inline,,,,9,false,true,,true,,,,Logo.png,Logo.png,,Active,Active,,,,,903209,9c7d401a-085c-4a96-ae37-16c62198d228,,751a37a3-981b-eb11-a817-000d3a8b659d,87cdfb86-e3c8-48d7-8a99-c6fb2cbcb845,38c7d71a-31fd-4c2a-b7b0-fa2cc7381654,,f46b70cc-580b-4f1a-87c3-41deb48eb90d
,,inline,,,,,false,true,,false,,,,theme.css,theme.css,,Active,Active,,,,,903208,7c972589-66ee-4c11-be72-193570c03355,,751a37a3-981b-eb11-a817-000d3a8b659d,87cdfb86-e3c8-48d7-8a99-c6fb2cbcb845,38c7d71a-31fd-4c2a-b7b0-fa2cc7381654,,f46b70cc-580b-4f1a-87c3-41deb48eb90d
,,inline,,,,9,false,true,,true,,,,Analytics.png,Analytics.png,,Active,Active,,,,,903207,8ffb7a5a-9420-4c41-9088-1deeb5fbe049,,751a37a3-981b-eb11-a817-000d3a8b659d,87cdfb86-e3c8-48d7-8a99-c6fb2cbcb845,38c7d71a-31fd-4c2a-b7b0-fa2cc7381654,,f46b70cc-580b-4f1a-87c3-41deb48eb90d
,,inline,,,,9,false,true,,true,,,,Product A.png,Product A.png,,Active,Active,,,,,903206,70859fea-14df-4693-852d-8c159b08f742,,751a37a3-981b-eb11-a817-000d3a8b659d,87cdfb86-e3c8-48d7-8a99-c6fb2cbcb845,38c7d71a-31fd-4c2a-b7b0-fa2cc7381654,,f46b70cc-580b-4f1a-87c3-41deb48eb90d
,,inline,,,,9,false,true,,true,,,,Growth.png,Growth.png,,Active,Active,,,,,903205,47975a2e-6bd2-423b-91a9-940d2189ab00,,751a37a3-981b-eb11-a817-000d3a8b659d,87cdfb86-e3c8-48d7-8a99-c6fb2cbcb845,38c7d71a-31fd-4c2a-b7b0-fa2cc7381654,,f46b70cc-580b-4f1a-87c3-41deb48eb90d
,,inline,,,,9,false,true,,true,,,,Product B.png,Product B.png,,Active,Active,,,,,903204,f0cc058e-ff99-4ab5-b54d-dbeec5366fc1,,751a37a3-981b-eb11-a817-000d3a8b659d,87cdfb86-e3c8-48d7-8a99-c6fb2cbcb845,38c7d71a-31fd-4c2a-b7b0-fa2cc7381654,,f46b70cc-580b-4f1a-87c3-41deb48eb90d
,,inline,,,,9,false,true,,true,,,,bootstrap.min.css,bootstrap.min.css,,Active,Active,,,,,903203,1eb4f7e9-ac2b-4200-b46d-11e5b6b9c9c6,,751a37a3-981b-eb11-a817-000d3a8b659d,87cdfb86-e3c8-48d7-8a99-c6fb2cbcb845,38c7d71a-31fd-4c2a-b7b0-fa2cc7381654,,f46b70cc-580b-4f1a-87c3-41deb48eb90d
,,inline,,,,9,false,true,,true,,,,Diagnose.png,Diagnose.png,,Active,Active,,,,,903202,93578863-7634-4951-8b15-c844c82b1086,,751a37a3-981b-eb11-a817-000d3a8b659d,87cdfb86-e3c8-48d7-8a99-c6fb2cbcb845,38c7d71a-31fd-4c2a-b7b0-fa2cc7381654,,f46b70cc-580b-4f1a-87c3-41deb48eb90d
,,inline,,,,9,false,true,,true,,,,Edit.png,Edit.png,,Active,Active,,,,,903201,05e7a7fa-b93b-4e06-93aa-a183d3c03b85,,751a37a3-981b-eb11-a817-000d3a8b659d,87cdfb86-e3c8-48d7-8a99-c6fb2cbcb845,38c7d71a-31fd-4c2a-b7b0-fa2cc7381654,,f46b70cc-580b-4f1a-87c3-41deb48eb90d
,,inline,,,,10,false,true,,true,,,,Homehero.png,Homehero.png,,Active,Active,,,,,903200,a3117739-9679-41c1-b876-34b6d044579d,,751a37a3-981b-eb11-a817-000d3a8b659d,87cdfb86-e3c8-48d7-8a99-c6fb2cbcb845,38c7d71a-31fd-4c2a-b7b0-fa2cc7381654,,f46b70cc-580b-4f1a-87c3-41deb48eb90d
,,inline,,,,9,false,true,,true,,,,About Us.png,About Us.png,,Active,Active,,,,,903199,04bf86c6-ab21-466d-b63e-5f22c4340d77,,751a37a3-981b-eb11-a817-000d3a8b659d,87cdfb86-e3c8-48d7-8a99-c6fb2cbcb845,38c7d71a-31fd-4c2a-b7b0-fa2cc7381654,,f46b70cc-580b-4f1a-87c3-41deb48eb90d
