adx_description,adx_entityname,importsequencenumber,adx_isdefault,adx_name,adx_pagetemplateid,adx_rewriteurl,statuscode,statecode,timezoneruleversionnumber,adx_type,adx_usewebsiteheaderandfooter,utcconversiontimezonecode,versionnumber,owningbusinessunit,adx_webtemplateid,adx_websiteid
,adx_webpage,,false,Page with title,60559fba-d1b3-4b64-ab9b-cbd6a1294ca1,,Active,Active,,,true,,902937,751a37a3-981b-eb11-a817-000d3a8b659d,9c673b4e-229b-4e80-893a-8c4cd1138834,f46b70cc-580b-4f1a-87c3-41deb48eb90d
,adx_webpage,,false,Profile,726b3bef-6387-40f6-adab-530053ce67df,~/Pages/Profile.aspx,Active,Active,,Timeline,true,,902936,751a37a3-981b-eb11-a817-000d3a8b659d,,f46b70cc-580b-4f1a-87c3-41deb48eb90d
,adx_webpage,,false,Full Page,bfa6fb8a-197b-4082-9750-e535dffbe4c8,~/Pages/FullPage.aspx,Active,Active,,Timeline,true,,902935,751a37a3-981b-eb11-a817-000d3a8b659d,,f46b70cc-580b-4f1a-87c3-41deb48eb90d
,adx_webpage,,false,Page with child links,6439442d-7b03-403c-94de-68325ed31949,,Active,Active,,,true,,902934,751a37a3-981b-eb11-a817-000d3a8b659d,d0c7701f-d542-465d-8aab-d204f193c05d,f46b70cc-580b-4f1a-87c3-41deb48eb90d
,adx_webpage,,false,Search,2f0bb125-76f4-47ab-84d7-80444c2411bc,~/Pages/Search.aspx,Active,Active,,Timeline,true,,902933,751a37a3-981b-eb11-a817-000d3a8b659d,1f5049c8-b8c7-45f3-835c-d11b3829d2a7,f46b70cc-580b-4f1a-87c3-41deb48eb90d
,adx_webpage,,false,Default studio template,db1956a6-839d-43c7-942d-ff961ffd024d,,Active,Active,,,true,,902932,751a37a3-981b-eb11-a817-000d3a8b659d,e4364079-e3a1-4f39-8f41-870d95b9376e,f46b70cc-580b-4f1a-87c3-41deb48eb90d
,adx_webpage,,false,Access Denied,5550c092-af5e-44e1-8c35-2e98fe4cd830,~/Pages/AccessDenied.aspx,Active,Active,,Timeline,true,,902931,751a37a3-981b-eb11-a817-000d3a8b659d,,f46b70cc-580b-4f1a-87c3-41deb48eb90d
