adx_displayorder,importsequencenumber,adx_name,adx_polloptionid,adx_answer,statuscode,statecode,timezoneruleversionnumber,utcconversiontimezonecode,versionnumber,adx_votes,owningbusinessunit,adx_pollid
2,,Choice B,840c2f3a-3895-4068-aeb0-2565b7b3ad50,Choice B,Active,Active,,,902595,5,751a37a3-981b-eb11-a817-000d3a8b659d,ae41ddf4-c314-49ce-865c-0bc5c037dda3
1,,Choice A,6298b057-09d8-461c-a9e8-48c738630728,Choice A,Active,Active,,,902594,3,751a37a3-981b-eb11-a817-000d3a8b659d,ae41ddf4-c314-49ce-865c-0bc5c037dda3
1,,Yes,1b6a6d58-d83b-4d0f-a6ea-b4c902eba4e5,Yes,Active,Active,,,902593,6,751a37a3-981b-eb11-a817-000d3a8b659d,636e71ca-afa2-42a4-b8fb-5defba2c985b
2,,No,58d569be-a6b6-406e-b85b-662e552450b9,No,Active,Active,,,902592,2,751a37a3-981b-eb11-a817-000d3a8b659d,636e71ca-afa2-42a4-b8fb-5defba2c985b
3,,Choice C,c7eddcc0-40a5-4b6c-bd48-c0a3e12782f2,Choice C,Active,Active,,,902591,1,751a37a3-981b-eb11-a817-000d3a8b659d,ae41ddf4-c314-49ce-865c-0bc5c037dda3
2,,False,3704fb22-9a41-4c8e-951d-696cbb5248ca,False,Active,Active,,,902590,3,751a37a3-981b-eb11-a817-000d3a8b659d,1cbbebf9-13ae-4324-8696-e085c180d26d
,14,style2,67c6a769-a121-4900-b01d-dcb83c4776be,Round,Active,Active,,,902589,4,751a37a3-981b-eb11-a817-000d3a8b659d,65ea73eb-9bb8-4f3f-97b9-4375788daafe
,14,style3,09645205-2417-40d7-a846-2c80be80868e,Translucent,Active,Active,,,902588,1,751a37a3-981b-eb11-a817-000d3a8b659d,65ea73eb-9bb8-4f3f-97b9-4375788daafe
1,,True,1c1be9a3-cebe-4360-9679-0ddc7f1c248a,True,Active,Active,,,902586,8,751a37a3-981b-eb11-a817-000d3a8b659d,1cbbebf9-13ae-4324-8696-e085c180d26d
,14,style1,9544fd2a-593e-4d10-9ae8-73541a1b8d0d,Rectangular,Active,Active,,,902585,3,751a37a3-981b-eb11-a817-000d3a8b659d,65ea73eb-9bb8-4f3f-97b9-4375788daafe
