adx_description,importsequencenumber,adx_name,adx_sitesettingid,statuscode,statecode,timezoneruleversionnumber,utcconversiontimezonecode,adx_value,versionnumber,owningbusinessunit,adx_websiteid
,,ThemeFeature,6b52dcf8-8220-eb11-a813-000d3a10d380,Active,Active,,,"{""""status"""":""""enable"""",""""selectedThemeId"""":""""102041b6-2b28-eb11-a813-000d3a10d380"""",""""siteSettingId"""":""""6b52dcf8-8220-eb11-a813-000d3a10d380""""}",1252006,751a37a3-981b-eb11-a817-000d3a8b659d,f46b70cc-580b-4f1a-87c3-41deb48eb90d
"A date/time value in GMT format to represent the effective date of the current published terms and conditions. If the terms agreement is enabled, portal users that have not accepted the terms after this date will be asked to accept them the next time they sign in. If the date is not provided, and the terms agreement is enabled, the terms will be presented every time portal users sign in.",,Authentication/Registration/TermsPublicationDate,3c1bedd0-d4e7-427c-9d04-cfa8e2c7d885,Active,Active,,,,903192,751a37a3-981b-eb11-a817-000d3a8b659d,f46b70cc-580b-4f1a-87c3-41deb48eb90d
"Enables or disables Azure AD as an external identity provider. By default, it is set to true.",3,Authentication/Registration/AzureADLoginEnabled,9d8e5e3b-25bd-426c-8a5a-fbe56f20c760,Active,Active,,,true,903191,751a37a3-981b-eb11-a817-000d3a8b659d,f46b70cc-580b-4f1a-87c3-41deb48eb90d
,3,Authentication/Registration/LoginButtonAuthenticationType,d3cbb152-fba2-463b-ab11-b6675048bf2d,Active,Active,,,,903190,751a37a3-981b-eb11-a817-000d3a8b659d,f46b70cc-580b-4f1a-87c3-41deb48eb90d
"Denies use of the portal to minors. By default, it is set to false.",,Authentication/Registration/DenyMinors,586ade30-b705-4100-8e8f-d708b9b7a730,Active,Active,,,false,903189,751a37a3-981b-eb11-a817-000d3a8b659d,f46b70cc-580b-4f1a-87c3-41deb48eb90d
"The Prefix entered here will be used to filter Notes Text, allowing you to control notes exposed on the Portal ex: *WEB*",,KnowledgeManagement/NotesFilter,f81fefca-3637-45a6-89b7-a921c8a83097,Active,Active,,,*WEB*,903188,751a37a3-981b-eb11-a817-000d3a8b659d,f46b70cc-580b-4f1a-87c3-41deb48eb90d
,3,Authentication/Registration/OpenRegistrationEnabled,f41f9962-d5a1-4083-a1f2-65a0aded81d0,Active,Active,,,true,903187,751a37a3-981b-eb11-a817-000d3a8b659d,f46b70cc-580b-4f1a-87c3-41deb48eb90d
"Denies use of the portal to minors without parental consent. By default, it is set to false.",,Authentication/Registration/DenyMinorsWithoutParentalConsent,bf0b42ae-3a09-4607-98d9-afabdc991d9b,Active,Active,,,false,903186,751a37a3-981b-eb11-a817-000d3a8b659d,f46b70cc-580b-4f1a-87c3-41deb48eb90d
,3,Authentication/Registration/EmailConfirmationEnabled,06911dcd-1b30-4322-a36b-2a60327a882b,Active,Active,,,true,903185,751a37a3-981b-eb11-a817-000d3a8b659d,f46b70cc-580b-4f1a-87c3-41deb48eb90d
,,Search/IndexNotesAttachments,62e64978-53be-4d22-85a1-9cf57c19043c,Active,Active,,,false,903184,751a37a3-981b-eb11-a817-000d3a8b659d,f46b70cc-580b-4f1a-87c3-41deb48eb90d
"A true or false value. If set to true, the portal will display the terms and conditions of the site. Users must agree to the terms and conditions before they are considered authenticated and can use the site.",,Authentication/Registration/TermsAgreementEnabled,217d5eae-fd14-4430-93d2-97aeed70e1c7,Active,Active,,,false,903183,751a37a3-981b-eb11-a817-000d3a8b659d,f46b70cc-580b-4f1a-87c3-41deb48eb90d
Site setting that controls the depth of the webpage hierarchy that’s cloned in a newly-added supported language. Web link sets and content snippets are cloned in the newly-added language when webpages are cloned.,,MultiLanguage/MaximumDepthToClone,a21ead7f-01a7-4b0c-a780-d85ab8946995,Active,Active,,,3,903182,751a37a3-981b-eb11-a817-000d3a8b659d,f46b70cc-580b-4f1a-87c3-41deb48eb90d
Setting controls whether attachments will be displayed on Knowledge articles,,KnowledgeManagement/DisplayNotes,8a043676-3680-41bd-9ec8-30640237b164,Active,Active,,,false,903181,751a37a3-981b-eb11-a817-000d3a8b659d,f46b70cc-580b-4f1a-87c3-41deb48eb90d
,3,Authentication/Registration/InvitationEnabled,58aa52c0-d659-4b92-9590-cb80019979c2,Active,Active,,,true,903180,751a37a3-981b-eb11-a817-000d3a8b659d,f46b70cc-580b-4f1a-87c3-41deb48eb90d
Used to group a set of entities under an entry in the record type facet view.,,Search/RecordTypeFacetsEntities,2ed82d68-2a4d-4657-a942-125dc560a833,Active,Active,,,"Downloads:annotation,adx_webfile",903179,751a37a3-981b-eb11-a817-000d3a8b659d,f46b70cc-580b-4f1a-87c3-41deb48eb90d
,3,Authentication/Registration/ExternalLoginEnabled,359822ce-5bbe-44e5-83d9-bdb5cd5341e5,Active,Active,,,true,903177,751a37a3-981b-eb11-a817-000d3a8b659d,f46b70cc-580b-4f1a-87c3-41deb48eb90d
,,OnlineDomains,296121a4-785e-4083-9ab7-6296cb9dc1ef,Active,Active,,,sharepoint.com;microsoftonline.com,903176,751a37a3-981b-eb11-a817-000d3a8b659d,f46b70cc-580b-4f1a-87c3-41deb48eb90d
"Sets whether or not the portal can redirect the user to the profile page after successful sign-in. By default, it is set to true.",3,Authentication/Registration/ProfileRedirectEnabled,27cb6381-7a29-40a6-870d-eaf4ac88c989,Active,Active,,,true,903174,751a37a3-981b-eb11-a817-000d3a8b659d,f46b70cc-580b-4f1a-87c3-41deb48eb90d
,,Profile/ShowMarketingOptionsPanel,00c627ee-757e-463a-973f-ce3057da1390,Active,Active,,,True,903173,751a37a3-981b-eb11-a817-000d3a8b659d,f46b70cc-580b-4f1a-87c3-41deb48eb90d
,,HTTP/X-Frame-Options,7f08cfe5-feee-414d-9501-4576c76eee43,Active,Active,,,SAMEORIGIN,903172,751a37a3-981b-eb11-a817-000d3a8b659d,f46b70cc-580b-4f1a-87c3-41deb48eb90d
Set whether the footer web template is output cached.,,Footer/OutputCache/Enabled,dc5cf4da-03bc-4c98-bbf2-c8d0ef250ce5,Active,Active,,,True,903171,751a37a3-981b-eb11-a817-000d3a8b659d,f46b70cc-580b-4f1a-87c3-41deb48eb90d
The default number of unauthenticated login attempts from an IP address before the IP address is blocked for Authentication/LoginThrottling/IpAddressTimeoutTimeSpan if the attempts occur within Authentication/LoginThrottling/MaxAttemptsTimeLimitTimeSpan amount of time. Default: 1000,,Authentication/LoginThrottling/MaxInvaildAttemptsFromIPAddress,1b74f4f7-45c1-40b1-93ab-d94aede77e45,Active,Active,,,1000,903169,751a37a3-981b-eb11-a817-000d3a8b659d,f46b70cc-580b-4f1a-87c3-41deb48eb90d
Set whether the header web template is output cached.,,Header/OutputCache/Enabled,f20f4a16-9870-478b-a219-8284196732fc,Active,Active,,,True,903167,751a37a3-981b-eb11-a817-000d3a8b659d,f46b70cc-580b-4f1a-87c3-41deb48eb90d
Determines if faceted search is used for this portal.,,Search/FacetedView,6e84ddb5-ad33-4e9d-a3a8-f3f72c8c9dc0,Active,Active,,,True,903166,751a37a3-981b-eb11-a817-000d3a8b659d,f46b70cc-580b-4f1a-87c3-41deb48eb90d
Enabling this setting will show all customer activity on the portal timeline.,,CustomerSupport/DisplayAllUserActivitiesOnTimeline,00696f99-0f98-4913-89e6-3964c883ad9f,Active,Active,,,false,903165,751a37a3-981b-eb11-a817-000d3a8b659d,f46b70cc-580b-4f1a-87c3-41deb48eb90d
The amount of time the Authentication/LoginThrottling/MaxInvaildAttemptsFromIPAddress are to be within before the IP address has to wait Authentication/LoginThrottling/IpAddressTimeoutTimeSpan. Default: 00:03:00 (3 mins),,Authentication/LoginThrottling/MaxAttemptsTimeLimitTimeSpan,0e7e2082-3c9a-4a58-824d-e5492e70e07c,Active,Active,,,00:03:00,903164,751a37a3-981b-eb11-a817-000d3a8b659d,f46b70cc-580b-4f1a-87c3-41deb48eb90d
"A true or false value. If set to true, the Last Successful Login field on the portal user’s contact will be updated with the date and time when they successfully signed in.",,Authentication/LoginTrackingEnabled,fa59d0a5-2bf9-4401-9049-63d3c08ffeca,Active,Active,,,False,903163,751a37a3-981b-eb11-a817-000d3a8b659d,f46b70cc-580b-4f1a-87c3-41deb48eb90d
"A collection of search logical name filter options. Defining a value here will add dropdown filter options to site-wide search.

This value should be in the form of name/value pairs, with name and value separated by a colon, and pairs separated by a semicolon. For example: """"Forums:adx_communityforum,adx_communityforumthread,adx_communityforumpost;Blogs:adx_blog,adx_blogpost,adx_blogpostcomment"""".",,search/filters,021d045f-5336-48bc-b1fb-68202ea0a7d3,Active,Active,,,,903162,751a37a3-981b-eb11-a817-000d3a8b659d,f46b70cc-580b-4f1a-87c3-41deb48eb90d
,,Authentication/Registration/LocalLoginEnabled,f3afca73-b615-4f1d-a3d4-12db1cc82fec,Active,Active,,,true,903161,751a37a3-981b-eb11-a817-000d3a8b659d,f46b70cc-580b-4f1a-87c3-41deb48eb90d
,5,Authentication/OpenAuth/Facebook/AppId,861fcb8d-ee75-42db-a48d-6c4f978d5b76,Active,Active,,,,903160,751a37a3-981b-eb11-a817-000d3a8b659d,f46b70cc-580b-4f1a-87c3-41deb48eb90d
Site setting that determines if the language code is included in the portal URL.,,MultiLanguage/DisplayLanguageCodeInURL,e5d95672-5895-40f5-bb51-6ba11f519d57,Active,Active,,,False,903159,751a37a3-981b-eb11-a817-000d3a8b659d,f46b70cc-580b-4f1a-87c3-41deb48eb90d
,5,Authentication/OpenAuth/Microsoft/ClientId,efc6272f-5abf-45be-9e16-79c82cd7bfe6,Active,Active,,,,903158,751a37a3-981b-eb11-a817-000d3a8b659d,f46b70cc-580b-4f1a-87c3-41deb48eb90d
The amount of time the IP address will have to wait if Authentication/LoginThrottling/MaxInvaildAttemptsFromIPAddress occur within Authentication/LoginThrottling/MaxAttemptsTimeLimitTimeSpan amount of time. Default: 00:10:00 (10 mins),,Authentication/LoginThrottling/IpAddressTimeoutTimeSpan,7f88e9ab-3a8a-4309-a8c1-c6b048376a40,Active,Active,,,00:10:00,903157,751a37a3-981b-eb11-a817-000d3a8b659d,f46b70cc-580b-4f1a-87c3-41deb48eb90d
,5,Authentication/OpenAuth/Twitter/ConsumerSecret,573bc903-4809-4e1b-87f4-6dc730efab38,Active,Active,,,,903156,751a37a3-981b-eb11-a817-000d3a8b659d,f46b70cc-580b-4f1a-87c3-41deb48eb90d
,5,Authentication/OpenAuth/Facebook/AppSecret,c9db0bb2-8da6-4b5f-9d38-8a26230a1da7,Active,Active,,,,903155,751a37a3-981b-eb11-a817-000d3a8b659d,f46b70cc-580b-4f1a-87c3-41deb48eb90d
,5,Authentication/OpenAuth/Twitter/ConsumerKey,72a1e7d9-fa84-4504-8dc9-8147525a3038,Active,Active,,,,903154,751a37a3-981b-eb11-a817-000d3a8b659d,f46b70cc-580b-4f1a-87c3-41deb48eb90d
,5,Authentication/OpenAuth/Microsoft/ClientSecret,0f38c5da-e666-407c-bb98-0b9a9bbcd2e7,Active,Active,,,,903153,751a37a3-981b-eb11-a817-000d3a8b659d,f46b70cc-580b-4f1a-87c3-41deb48eb90d
,5,Authentication/Registration/Enabled,a13716b2-ec01-4c7f-a17b-0fb48d28e1e7,Active,Active,,,true,903152,751a37a3-981b-eb11-a817-000d3a8b659d,f46b70cc-580b-4f1a-87c3-41deb48eb90d
"Override query for site search, to apply additional weights and filters. @Query is the query text entered by a user. Lucene query syntax reference: http://lucene.apache.org/core/old_versioned_docs/versions/2_9_1/queryparsersyntax.html",,search/query,c6272978-ea97-4722-aff2-2a16ec5f2728,Active,Active,,,+(@Query) _title:(@Query) _logicalname:knowledgearticle~0.9^0.3 _logicalname:annotation~0.9^0.25 _logicalname:adx_webpage~0.9^0.2 -_logicalname:adx_webfile~0.9 adx_partialurl:(@Query) _logicalname:adx_blogpost~0.9^0.1 -_logicalname:adx_communityforumthread~0.9,903151,751a37a3-981b-eb11-a817-000d3a8b659d,f46b70cc-580b-4f1a-87c3-41deb48eb90d
,,Search/Enabled,e2e13670-31b3-4629-b487-f6af83f1abba,Active,Active,,,true,903150,751a37a3-981b-eb11-a817-000d3a8b659d,f46b70cc-580b-4f1a-87c3-41deb48eb90d
,,Search/IndexQueryName,44621e40-e2d6-4c0c-9a2e-1eebdd444fe5,Active,Active,,,Portal Search,903149,751a37a3-981b-eb11-a817-000d3a8b659d,f46b70cc-580b-4f1a-87c3-41deb48eb90d
,,Authentication/OpenAuth/LinkedIn/ConsumerSecret,198af475-141a-4b8a-af17-e162cd0146ec,Active,Active,,,,903148,751a37a3-981b-eb11-a817-000d3a8b659d,f46b70cc-580b-4f1a-87c3-41deb48eb90d
,,Profile/ForceSignUp,323be127-d407-439e-891d-0f1deab5334b,Active,Active,,,False,903147,751a37a3-981b-eb11-a817-000d3a8b659d,f46b70cc-580b-4f1a-87c3-41deb48eb90d
"A true or false value. If set to true, the local account will be marked as deprecated. The portal user will be required to migrate to a non-deprecated account.",,Authentication/Registration/LocalLoginDeprecated,fb9e9cdb-bd35-4c95-8c3c-8bbcf3e7d36c,Active,Active,,,False,903146,751a37a3-981b-eb11-a817-000d3a8b659d,f46b70cc-580b-4f1a-87c3-41deb48eb90d
,,Authentication/OpenAuth/LinkedIn/ConsumerKey,d31f6359-4232-4fa7-a170-233f9c2c79e5,Active,Active,,,,903145,751a37a3-981b-eb11-a817-000d3a8b659d,f46b70cc-580b-4f1a-87c3-41deb48eb90d
