importsequencenumber,adx_name,adx_sitemarkerid,statuscode,statecode,timezoneruleversionnumber,utcconversiontimezonecode,versionnumber,owningbusinessunit,adx_pageid,adx_websiteid
,Home,a9d9a251-ae61-4ec2-8548-0684715d0691,Active,Active,,,903144,751a37a3-981b-eb11-a817-000d3a8b659d,87cdfb86-e3c8-48d7-8a99-c6fb2cbcb845,f46b70cc-580b-4f1a-87c3-41deb48eb90d
,Page Not Found,91b5c22a-013e-4f33-b4a7-97e547f163bc,Active,Active,,,903143,751a37a3-981b-eb11-a817-000d3a8b659d,0f9f2f91-bd91-4cf1-b9a2-867b974f9e99,f46b70cc-580b-4f1a-87c3-41deb48eb90d
,Profile,44b411c4-5e5d-44b6-a3c3-07dd32aac0e7,Active,Active,,,903142,751a37a3-981b-eb11-a817-000d3a8b659d,a7cb9d65-61c1-4691-94d8-73507870bebc,f46b70cc-580b-4f1a-87c3-41deb48eb90d
,Knowledge Base Search Results,8b237caa-a06d-4fdc-8148-02b54e6978df,Active,Active,,,903141,751a37a3-981b-eb11-a817-000d3a8b659d,,f46b70cc-580b-4f1a-87c3-41deb48eb90d
,Access Denied,a615149b-4af8-4d98-8c50-45cd12462a3a,Active,Active,,,903140,751a37a3-981b-eb11-a817-000d3a8b659d,776576ee-ea9b-4f1c-8497-296e14030a3c,f46b70cc-580b-4f1a-87c3-41deb48eb90d
,Search,3fba9667-091c-4278-8ce2-3f7f63f3de08,Active,Active,,,903139,751a37a3-981b-eb11-a817-000d3a8b659d,3b026d90-72e9-4ae4-816d-75d6a87bd0a8,f46b70cc-580b-4f1a-87c3-41deb48eb90d
,Knowledge Base,03766b9e-95cf-4963-a9f8-4d939a4b982e,Active,Active,,,903138,751a37a3-981b-eb11-a817-000d3a8b659d,,f46b70cc-580b-4f1a-87c3-41deb48eb90d
,Event Feedback,d1d8c099-fcf8-47e5-a443-787e45e49635,Active,Active,,,903137,751a37a3-981b-eb11-a817-000d3a8b659d,,f46b70cc-580b-4f1a-87c3-41deb48eb90d
,Poll Archives,33a9e0a4-996a-4e00-982d-0b4f82766d86,Active,Active,,,903136,751a37a3-981b-eb11-a817-000d3a8b659d,,f46b70cc-580b-4f1a-87c3-41deb48eb90d
