adx_alloworigin,adx_category,adx_feedbackpolicy,adx_copy,adx_createdbyipaddress,adx_createdbyusername,adx_customcss,adx_customjavascript,adx_meta_description,adx_displaydate,adx_displayorder,adx_editorialcomments,adx_enablerating,adx_enabletracking,adx_excludefromsearch,adx_expirationdate,adx_hiddenfromsitemap,adx_imageurl,importsequencenumber,adx_isroot,adx_modifiedbyipaddress,adx_modifiedbyusername,adx_name,adx_partialurl,adx_releasedate,adx_sharedpageconfiguration,statuscode,statecode,adx_summary,timezoneruleversionnumber,adx_title,utcconversiontimezonecode,versionnumber,adx_webpageid,adx_authorid,adx_entityform,adx_entitylist,adx_image,adx_masterwebpageid,adx_navigation,owningbusinessunit,adx_pagetemplateid,adx_parentpageid,adx_publishingstateid,adx_rootwebpageid,adx_subjectid,adx_webform,adx_webpagelanguageid,adx_websiteid
,,Closed,"<div class=""""row sectionBlockLayout sectionFixedStyle"""" style=""""display: flex; flex-wrap: wrap; text-align: left; min-height: 600px; padding: 8px; margin: 0px; background: url('/william-duggan-1SmpGvlKq2U-unsplash.jpg') 0% 0% / cover, center center, no-repeat;"""">
  <div class=""""container"""" style=""""display: flex; flex-wrap: wrap;"""">

    <!-- <div class=""""col-md-12 columnBlockLayout"""" style=""""display: flex; flex-direction: column; justify-content: center;"""">
      <h1 style=""""color: #ffffff;"""">Hey, welcome to the<br>‌InPath Portal!</h1>
    </div> -->
    <div class=""""col-md-4 columnBlockLayout"""" style=""""display: flex; flex-direction: column;"""">
      <h1 style=""""color: #ffffff;"""">Using EdTech to empower students for a brighter future.</h1>
    </div>
    <div class=""""col-md-4 columnBlockLayout"""" style=""""display: flex; flex-direction: column;""""></div>
    <div class=""""col-md-4 columnBlockLayout"""" style=""""display: flex; flex-direction: column;""""><iframe frameborder=""""0"""" src=""""https://powerva.microsoft.com/webchat/bots/a70a9db0-947c-4946-9cc4-997f67c69a5c"""" onresize=""""this.style.height=this.contentDocument.body.scrollHeight + 'px';"""" target=""""assets"""" style=""""width: 100%; height: 80%; margin-top: 100px; margin-left: 0; margin-right: auto;""""></iframe></div>
  </div>
</div>

<!-- <<div class=""""row sectionBlockLayout"""" style=""""display: flex; flex-wrap: wrap; text-align: left; min-height: 100px; padding: 8px; margin: 0px;"""">>
  <div class=""""container"""" style=""""display: flex; flex-wrap: wrap;"""">
    <div class=""""col-md-6 columnBlockLayout"""" style=""""display: flex; flex-direction: column;""""></div>
    <div class=""""col-md-6 columnBlockLayout"""" style=""""display: flex; flex-direction: column;""""><iframe frameborder=""""0"""" src=""""https://powerva.microsoft.com/webchat/bots/a70a9db0-947c-4946-9cc4-997f67c69a5c"""" onresize=""""this.style.height=this.contentDocument.body.scrollHeight + 'px';"""" target=""""assets"""" style=""""width: 100%; height: 100%;""""></iframe></div>
  </div> -->",,,,,,,1,,false,false,false,,false,,,false,,,Home,/,,false,Active,Active,<p>This is a sample landing page for you to start creating your website.</p>,,,,1252021,37f25ff6-1740-4f62-902b-34eac1ca6162,,,,,,,751a37a3-981b-eb11-a817-000d3a8b659d,60559fba-d1b3-4b64-ab9b-cbd6a1294ca1,,38c7d71a-31fd-4c2a-b7b0-fa2cc7381654,87cdfb86-e3c8-48d7-8a99-c6fb2cbcb845,,,d9e7ed64-7337-47a8-af6e-35a783c2e2dd,f46b70cc-580b-4f1a-87c3-41deb48eb90d
,,Inherit,{% include 'entity_list' key: 'Students' %},,,,,,,13,,false,false,false,,false,,,false,,,Students,Students,,true,Active,Active,<p>This is sample landing page for you to start building your website</p>,,Students,,1251718,d227a769-4929-eb11-a813-000d3a10d380,,,,,,,751a37a3-981b-eb11-a817-000d3a8b659d,6439442d-7b03-403c-94de-68325ed31949,87cdfb86-e3c8-48d7-8a99-c6fb2cbcb845,38c7d71a-31fd-4c2a-b7b0-fa2cc7381654,176aa519-b541-49bf-9b2f-57b10f05bb11,,,d9e7ed64-7337-47a8-af6e-35a783c2e2dd,f46b70cc-580b-4f1a-87c3-41deb48eb90d
,,Inherit,<p>This website uses sample data for illustration purposes. You can build pages using multiple templates available.</p>,,,,,,,13,,false,false,false,,false,,,true,,,Students,Students,,true,Active,Active,<p>This is sample landing page for you to start building your website</p>,,Students,,1251656,176aa519-b541-49bf-9b2f-57b10f05bb11,,,,,,,751a37a3-981b-eb11-a817-000d3a8b659d,60559fba-d1b3-4b64-ab9b-cbd6a1294ca1,87cdfb86-e3c8-48d7-8a99-c6fb2cbcb845,38c7d71a-31fd-4c2a-b7b0-fa2cc7381654,,,,,f46b70cc-580b-4f1a-87c3-41deb48eb90d
,,Inherit,"<div class=""""row sectionBlockLayout"""" style=""""display: flex; flex-wrap: wrap; padding: 8px; margin: 0px; text-align: center; min-height: 600px; background: url('/clement-h-95YRwf6CNw8-unsplash.jpg') 0% 0% / cover, center center, no-repeat;"""">
  <div class=""""container"""" style=""""display: flex; flex-wrap: wrap;"""">
    <div class=""""col-md-12 columnBlockLayout"""" style=""""display: flex; flex-direction: column;"""">
      <p style=""""font-size: 36px; text-align: left; color: white;""""><b>About InPath Detroit</b></p>
    </div>
  </div>
</div>
<div class=""""row sectionBlockLayout"""" style=""""display: flex; flex-wrap: wrap; text-align: left; min-height: 100px; padding: 8px; margin: 0px; background-color: white;"""">
  <div class=""""container"""" style=""""display: flex; flex-wrap: wrap;"""">
    <div class=""""col-md-6 columnBlockLayout"""" style=""""display: flex; flex-direction: column;"""">
      <p style=""""font-size: 28px;""""><b>A new era of workforce development that will change virtual education and innovation.</b></p>
    </div>
    <div class=""""col-md-6 columnBlockLayout"""" style=""""display: flex; flex-direction: column;"""">
      <p></p>
      <div>Welcome to InPath Detroit, we focus on online software development training, empowering at-risk populations by offering technology and soft skills to promote long-term success.&nbsp;</div>
      <div><br></div>
      <div>Our workforce development program provides each of our participating students with the competencies they need in Technical, Vocational Training or Skilled Trade Partnerships. We focus both on what student needs to know to be competitive now, and on how they can continue to grow and develop their skills over time.&nbsp;</div>
      <div><br></div>
      <div>Our online workforce development opportunities and partnerships will strengthen the talent pipeline and provide opportunities to at-risk populations by providing coursework both on-demand and via remote classroom and online learning.&nbsp;&nbsp;</div>
      <p></p>
    </div>
  </div>
</div>",,,,,,,4,,false,false,false,,false,,,false,,,About us,about-us,,false,Active,Active,<p>This is sample landing page for you to start building your website</p>,,,,1251419,8f1a08a0-d447-4807-bfb1-dcab18586488,,,,,,,751a37a3-981b-eb11-a817-000d3a8b659d,db1956a6-839d-43c7-942d-ff961ffd024d,87cdfb86-e3c8-48d7-8a99-c6fb2cbcb845,38c7d71a-31fd-4c2a-b7b0-fa2cc7381654,961b8d70-38d5-4cdc-8f75-7b346b6c6b41,,,d9e7ed64-7337-47a8-af6e-35a783c2e2dd,f46b70cc-580b-4f1a-87c3-41deb48eb90d
,,Inherit,<p>This website uses sample data for illustration purposes. You can build pages using multiple templates available.</p>,,,,,,,1,,false,false,false,,false,,,true,,,History,history,,true,Active,Active,<p>This is sample landing page for you to start building your website</p>,,History,,1249555,e6702720-670c-4b57-adc7-c361d2bc9d50,,,,,,,751a37a3-981b-eb11-a817-000d3a8b659d,60559fba-d1b3-4b64-ab9b-cbd6a1294ca1,84d64039-adc1-403f-9765-14e3df6da029,38c7d71a-31fd-4c2a-b7b0-fa2cc7381654,,,,,f46b70cc-580b-4f1a-87c3-41deb48eb90d
,,Inherit,<p>This website uses sample data for illustration purposes. You can build pages using multiple templates available.</p>{% include 'entity_list' key: 'HistoryList' %},,,,,,,1,,false,false,false,,false,,,false,,,History,history,,true,Active,Active,<p>This is sample landing page for you to start building your website</p>,,History,,1249554,0797d1ea-5a28-eb11-a813-000d3a10d380,,,,,,,751a37a3-981b-eb11-a817-000d3a8b659d,60559fba-d1b3-4b64-ab9b-cbd6a1294ca1,84d64039-adc1-403f-9765-14e3df6da029,38c7d71a-31fd-4c2a-b7b0-fa2cc7381654,e6702720-670c-4b57-adc7-c361d2bc9d50,,,d9e7ed64-7337-47a8-af6e-35a783c2e2dd,f46b70cc-580b-4f1a-87c3-41deb48eb90d
,,Inherit,<p>This website uses sample data for illustration purposes. You can build pages using multiple templates available.</p>,,,,,,,8,,false,false,false,,false,,,false,,,MyProfile,my-page-profile,,true,Active,Active,<p>This is sample landing page for you to start building your website</p>,,MyProfile,,1249482,78c12814-dd24-eb11-a813-000d3a10d380,,,,,,,751a37a3-981b-eb11-a817-000d3a8b659d,726b3bef-6387-40f6-adab-530053ce67df,87cdfb86-e3c8-48d7-8a99-c6fb2cbcb845,38c7d71a-31fd-4c2a-b7b0-fa2cc7381654,84d64039-adc1-403f-9765-14e3df6da029,,,d9e7ed64-7337-47a8-af6e-35a783c2e2dd,f46b70cc-580b-4f1a-87c3-41deb48eb90d
,,Inherit,<p>This website uses sample data for illustration purposes. You can build pages using multiple templates available.</p>,,,,,,,8,,false,false,false,,false,,,true,,,MyProfile,my-page-profile,,true,Active,Active,<p>This is sample landing page for you to start building your website</p>,,MyProfile,,1249481,84d64039-adc1-403f-9765-14e3df6da029,,,,,,,751a37a3-981b-eb11-a817-000d3a8b659d,726b3bef-6387-40f6-adab-530053ce67df,87cdfb86-e3c8-48d7-8a99-c6fb2cbcb845,38c7d71a-31fd-4c2a-b7b0-fa2cc7381654,,,,,f46b70cc-580b-4f1a-87c3-41deb48eb90d
,,Inherit,<p>This website uses sample data for illustration purposes. You can build pages using multiple templates available.</p>{% include 'entity_list' key: 'Courses' %},,,,,,,10,,false,false,false,,false,,,false,,,Courses,new-page-course,,true,Active,Active,<p>This is sample landing page for you to start building your website</p>,,Courses,,1249445,0a8cd3a6-8021-eb11-a813-000d3a10d380,,,,,,,751a37a3-981b-eb11-a817-000d3a8b659d,60559fba-d1b3-4b64-ab9b-cbd6a1294ca1,87cdfb86-e3c8-48d7-8a99-c6fb2cbcb845,38c7d71a-31fd-4c2a-b7b0-fa2cc7381654,df3af095-168d-4578-b419-e97114aa600d,,,d9e7ed64-7337-47a8-af6e-35a783c2e2dd,f46b70cc-580b-4f1a-87c3-41deb48eb90d
,,Inherit,<p>This website uses sample data for illustration purposes. You can build pages using multiple templates available.</p>,,,,,,,10,,false,false,false,,false,,,true,,,Courses,new-page-course,,true,Active,Active,<p>This is sample landing page for you to start building your website</p>,,Courses,,1249444,df3af095-168d-4578-b419-e97114aa600d,,,,,,,751a37a3-981b-eb11-a817-000d3a8b659d,60559fba-d1b3-4b64-ab9b-cbd6a1294ca1,87cdfb86-e3c8-48d7-8a99-c6fb2cbcb845,38c7d71a-31fd-4c2a-b7b0-fa2cc7381654,,,,,f46b70cc-580b-4f1a-87c3-41deb48eb90d
,,Inherit,"<div class=""""row sectionBlockLayout"""" style=""""display: flex; flex-wrap: wrap; padding: 8px; margin: 0px; text-align: left; min-height: 100px;"""">
  <div class=""""container"""" style=""""display: flex; flex-wrap: wrap;"""">
    <div class=""""col-md-12 columnBlockLayout"""" style=""""display: flex; flex-direction: column;""""></div>
  </div>
</div>{% entityform name: 'CourseDetail' %}",,,,,,,12,,false,false,false,,false,,,false,,,CourseDetails,Course-Details-Page,,true,Active,Active,<p>This is sample landing page for you to start building your website</p>,,CourseDetails,,1249435,4683cde7-9c26-eb11-a813-000d3a9a025a,,,,,,,751a37a3-981b-eb11-a817-000d3a8b659d,bfa6fb8a-197b-4082-9750-e535dffbe4c8,87cdfb86-e3c8-48d7-8a99-c6fb2cbcb845,38c7d71a-31fd-4c2a-b7b0-fa2cc7381654,e94fac70-b443-4eed-abb8-4789a6dee751,,,d9e7ed64-7337-47a8-af6e-35a783c2e2dd,f46b70cc-580b-4f1a-87c3-41deb48eb90d
,,Inherit,"<div class=""""row sectionBlockLayout"""" style=""""display: flex; flex-wrap: wrap; padding: 8px; margin: 0px; text-align: left; min-height: 100px;"""">
      <div class=""""container"""" style=""""display: flex; flex-wrap: wrap;"""">
        <div class=""""col-md-12 columnBlockLayout"""" style=""""display: flex; flex-direction: column;""""></div>
      </div>
    </div>
    ",,,,,,,12,,false,false,false,,false,,,true,,,CourseDetails,Course-Details-Page,,true,Active,Active,<p>This is sample landing page for you to start building your website</p>,,CourseDetails,,1249434,e94fac70-b443-4eed-abb8-4789a6dee751,,,,,,,751a37a3-981b-eb11-a817-000d3a8b659d,db1956a6-839d-43c7-942d-ff961ffd024d,87cdfb86-e3c8-48d7-8a99-c6fb2cbcb845,38c7d71a-31fd-4c2a-b7b0-fa2cc7381654,,,,,f46b70cc-580b-4f1a-87c3-41deb48eb90d
,,Inherit,"<p>Please provide some information about yourself.</p>

<p>The <strong>First Name</strong> and <strong>Last Name </strong>you provide will be displayed alongside any comments, forum posts, or ideas you make on the site.</p>

<p>The <strong>Email Address</strong> and <strong>Phone</strong> number will not be displayed on the site.</p>

<p>Your <strong>Organization</strong> and <strong>Title</strong> are optional. They will be displayed with your comments and forum posts.</p>",,,,,,,,,false,false,false,,true,,,false,,,Profile,profile,,false,Active,Active,,,Profile,,1249397,6c09c142-6b21-4ca7-a1f2-131f4e28dab7,,,,,,,751a37a3-981b-eb11-a817-000d3a8b659d,726b3bef-6387-40f6-adab-530053ce67df,87cdfb86-e3c8-48d7-8a99-c6fb2cbcb845,38c7d71a-31fd-4c2a-b7b0-fa2cc7381654,a7cb9d65-61c1-4691-94d8-73507870bebc,,,d9e7ed64-7337-47a8-af6e-35a783c2e2dd,f46b70cc-580b-4f1a-87c3-41deb48eb90d
,,Inherit,<p>This website uses sample data for illustration purposes. You can build pages using multiple templates available.</p>{% include 'entity_list' key: 'Courses' %},,,,,,,7,,false,false,false,,false,,,false,,,Available Courses,AvailableCourse,,true,Active,Active,<p>This is sample landing page for you to start building your website</p>,,Available Courses,,1249293,b76537e5-8221-eb11-a813-000d3a10d380,,,,,,,751a37a3-981b-eb11-a817-000d3a8b659d,60559fba-d1b3-4b64-ab9b-cbd6a1294ca1,87cdfb86-e3c8-48d7-8a99-c6fb2cbcb845,38c7d71a-31fd-4c2a-b7b0-fa2cc7381654,3a6bede2-8eaa-4a5b-b3e9-467a57df2e70,,,d9e7ed64-7337-47a8-af6e-35a783c2e2dd,f46b70cc-580b-4f1a-87c3-41deb48eb90d
,,Inherit,<p>This website uses sample data for illustration purposes. You can build pages using multiple templates available.</p>,,,,,,,7,,false,false,false,,false,,,true,,,Available Courses,AvailableCourse,,true,Active,Active,<p>This is sample landing page for you to start building your website</p>,,Available Courses,,1249259,3a6bede2-8eaa-4a5b-b3e9-467a57df2e70,,,,,,,751a37a3-981b-eb11-a817-000d3a8b659d,60559fba-d1b3-4b64-ab9b-cbd6a1294ca1,87cdfb86-e3c8-48d7-8a99-c6fb2cbcb845,38c7d71a-31fd-4c2a-b7b0-fa2cc7381654,,,,,f46b70cc-580b-4f1a-87c3-41deb48eb90d
,,Inherit,<p>This website uses sample data for illustration purposes. You can build pages using multiple templates available.</p>{% entityform name: 'CourseDetail' %},,,,,,,1,,false,false,false,,false,,,false,,,Course section,new-page-course-section,,true,Active,Active,<p>This is sample landing page for you to start building your website</p>,,Course section,,1249030,0dd46e50-5a28-eb11-a813-000d3a10d380,,,,,,,751a37a3-981b-eb11-a817-000d3a8b659d,60559fba-d1b3-4b64-ab9b-cbd6a1294ca1,3a6bede2-8eaa-4a5b-b3e9-467a57df2e70,38c7d71a-31fd-4c2a-b7b0-fa2cc7381654,b6f63416-c2b7-4edf-b3ef-f4108ba9afe0,,,d9e7ed64-7337-47a8-af6e-35a783c2e2dd,f46b70cc-580b-4f1a-87c3-41deb48eb90d
,,Inherit,<p>This website uses sample data for illustration purposes. You can build pages using multiple templates available.</p>,,,,,,,1,,false,false,false,,false,,,true,,,Course section,new-page-course-section,,true,Inactive,Inactive,<p>This is sample landing page for you to start building your website</p>,,Course section,,1249029,b6f63416-c2b7-4edf-b3ef-f4108ba9afe0,,,,,,,751a37a3-981b-eb11-a817-000d3a8b659d,60559fba-d1b3-4b64-ab9b-cbd6a1294ca1,3a6bede2-8eaa-4a5b-b3e9-467a57df2e70,38c7d71a-31fd-4c2a-b7b0-fa2cc7381654,,,,,f46b70cc-580b-4f1a-87c3-41deb48eb90d
,,Closed,,,,,,,,1,,false,false,false,,false,,,true,,,Home,/,,false,Active,Active,,,Home,,1248389,87cdfb86-e3c8-48d7-8a99-c6fb2cbcb845,,,,,,,751a37a3-981b-eb11-a817-000d3a8b659d,db1956a6-839d-43c7-942d-ff961ffd024d,,38c7d71a-31fd-4c2a-b7b0-fa2cc7381654,,,,,f46b70cc-580b-4f1a-87c3-41deb48eb90d
,,Inherit,<p>This website uses sample data for illustration purposes. You can build pages using multiple templates available.</p>,,,,,,,3,,false,false,false,,false,,,false,,,Course Details,Course-details-page,,true,Active,Active,<p>This is sample landing page for you to start building your website</p>,,Course Details,,1162787,2e8004df-de24-eb11-a813-000d3a10d380,,,,,,,751a37a3-981b-eb11-a817-000d3a8b659d,bfa6fb8a-197b-4082-9750-e535dffbe4c8,df3af095-168d-4578-b419-e97114aa600d,38c7d71a-31fd-4c2a-b7b0-fa2cc7381654,4c819278-0162-4318-8e9e-94ccbe283435,,,d9e7ed64-7337-47a8-af6e-35a783c2e2dd,f46b70cc-580b-4f1a-87c3-41deb48eb90d
,,Inherit,<p>This website uses sample data for illustration purposes. You can build pages using multiple templates available.</p>,,,,,,,3,,false,false,false,,false,,,true,,,Course Details,Course-details-page,,true,Inactive,Inactive,<p>This is sample landing page for you to start building your website</p>,,Course Details,,1162786,4c819278-0162-4318-8e9e-94ccbe283435,,,,,,,751a37a3-981b-eb11-a817-000d3a8b659d,60559fba-d1b3-4b64-ab9b-cbd6a1294ca1,df3af095-168d-4578-b419-e97114aa600d,38c7d71a-31fd-4c2a-b7b0-fa2cc7381654,,,,,f46b70cc-580b-4f1a-87c3-41deb48eb90d
,,Inherit,<p>This website uses sample data for illustration purposes. You can build pages using multiple templates available.</p>{% entityform name: 'CourseDetail' %},,,,,,,2,,false,false,false,,false,,,false,,,CourseDetails,new-page-2,,true,Active,Active,<p>This is sample landing page for you to start building your website</p>,,CourseDetails,,1047112,b763620d-8221-eb11-a813-000d3a10d380,,,,,,,751a37a3-981b-eb11-a817-000d3a8b659d,bfa6fb8a-197b-4082-9750-e535dffbe4c8,df3af095-168d-4578-b419-e97114aa600d,38c7d71a-31fd-4c2a-b7b0-fa2cc7381654,6e911a77-c31a-4095-82f2-2264a1de09bb,,,d9e7ed64-7337-47a8-af6e-35a783c2e2dd,f46b70cc-580b-4f1a-87c3-41deb48eb90d
,,Inherit,<p>This website uses sample data for illustration purposes. You can build pages using multiple templates available.</p>,,,,,,,2,,false,false,false,,false,,,true,,,CourseDetails,new-page-2,,true,Inactive,Inactive,<p>This is sample landing page for you to start building your website</p>,,CourseDetails,,1047110,6e911a77-c31a-4095-82f2-2264a1de09bb,,,,,,,751a37a3-981b-eb11-a817-000d3a8b659d,60559fba-d1b3-4b64-ab9b-cbd6a1294ca1,df3af095-168d-4578-b419-e97114aa600d,38c7d71a-31fd-4c2a-b7b0-fa2cc7381654,,,,,f46b70cc-580b-4f1a-87c3-41deb48eb90d
,,Inherit,"<div class=""""row sectionBlockLayout"""" style=""""margin: 0px; display: flex; flex-wrap: wrap; padding: 8px 8px 45px; min-height: auto; text-align: left;"""">
  <div class=""""container"""" style=""""display: flex; flex-wrap: wrap;"""">
    <div class=""""col-md-6 columnBlockLayout"""" style=""""display: flex; flex-direction: column; background-color: rgb(247, 247, 247); padding: 50px 80px;""""><img alt=""""Product A image"""" src=""""/Product A.png"""" style=""""width: 100%; height: auto; margin-left: 0; margin-right: auto;""""></div>
    <div class=""""col-md-6 columnBlockLayout"""" style=""""display: flex; flex-direction: column; justify-content: center; padding: 50px 80px;"""">
      <h2>Title for Course Azure</h2>
      <p>This page uses the 'Blank page with title' template. You can add components in the page content area here. Edit your description here using Power Apps portal Studio.</p>
    </div>
  </div>
</div>{% include 'entity_list' key: 'Courses' %}<div class=""""row sectionBlockLayout sectionPrimaryColor"""" style=""""margin: 0px; display: flex; flex-wrap: wrap; text-align: center; min-height: auto; padding: 45px 8px;"""">
  <div class=""""container"""" style=""""display: flex; flex-wrap: wrap;"""">
    <div class=""""col-md-12 columnBlockLayout"""" style=""""display: flex; flex-direction: column; justify-content: center;"""">
      <h2>About Power Apps portals&nbsp;</h2>
      <p style=""""margin-top: 16px;"""">With Power Apps portals, you can design and build page templates, create web pages and integrate with Power BI, search for content using portal search, customize with liquid search, enable ratings and do much more!</p>
    </div>
  </div>
</div>",,,,,,,6,,false,false,false,,false,,,false,,,Course Azure,Course-Azure,,false,Active,Active,<p>You can include a description of your child page here.</p>,,Course Azure,,1047011,073adcaa-d943-418c-82de-50af41769da4,,,,,,,751a37a3-981b-eb11-a817-000d3a8b659d,60559fba-d1b3-4b64-ab9b-cbd6a1294ca1,87cdfb86-e3c8-48d7-8a99-c6fb2cbcb845,38c7d71a-31fd-4c2a-b7b0-fa2cc7381654,b79412fb-230b-4400-b773-ac2e54b9a451,,,d9e7ed64-7337-47a8-af6e-35a783c2e2dd,f46b70cc-580b-4f1a-87c3-41deb48eb90d
,,Inherit,,,,,,,,6,,false,false,false,,false,,,true,,,Course Azure,Course-Azure,,false,Inactive,Inactive,,,Product A (sample),,1047010,b79412fb-230b-4400-b773-ac2e54b9a451,,,,,,,751a37a3-981b-eb11-a817-000d3a8b659d,60559fba-d1b3-4b64-ab9b-cbd6a1294ca1,87cdfb86-e3c8-48d7-8a99-c6fb2cbcb845,38c7d71a-31fd-4c2a-b7b0-fa2cc7381654,,,,,f46b70cc-580b-4f1a-87c3-41deb48eb90d
,,Inherit,"<div class=""""row sectionBlockLayout"""" style=""""margin: 0px; display: flex; flex-wrap: wrap; padding: 8px 8px 45px; min-height: auto; text-align: left;"""">
<div class=""""container"""" style=""""display: flex; flex-wrap: wrap;"""">
<div class=""""col-md-6 columnBlockLayout"""" style=""""display: flex; flex-direction: column; background-color: rgb(247, 247, 247); padding: 50px 80px;""""><img alt=""""Product B image"""" src=""""/Product B.png"""" style=""""width: 100%; height: auto; margin-left: 0; margin-right: auto;""""></div>

<div class=""""col-md-6 columnBlockLayout"""" style=""""display: flex; flex-direction: column; justify-content: center; padding: 50px 80px;"""">
<h2>Title for Course Devops</h2>

<p>This page uses the 'Blank page with title' template. You can add components in the page content area here. Edit your description here using Power Apps portal Studio.</p>
</div>
</div>
</div>

<div class=""""row sectionBlockLayout sectionPrimaryColor"""" style=""""margin: 0px; display: flex; flex-wrap: wrap; text-align: center; min-height: auto; padding: 45px 8px;"""">
<div class=""""container"""" style=""""display: flex; flex-wrap: wrap;"""">
<div class=""""col-md-12 columnBlockLayout"""" style=""""display: flex; flex-direction: column; justify-content: center;"""">
<h2>About Power Apps portals&nbsp;</h2>

<p style=""""margin-top: 16px;"""">With Power Apps portals, you can design and build page templates, create web pages and integrate with Power BI, search for content using portal search, customize with liquid search, enable ratings and do much more!</p>
</div>
</div>
</div>


",,,,,,,5,,false,false,false,,false,,,false,,,Course DevOps,Course-DevOps,,false,Active,Active,<p>You can include a description of your child page here.</p>,,Course DevOps,,1046992,e1e609ad-384a-49ed-b4b2-b60f81fa2dcd,,,,,,,751a37a3-981b-eb11-a817-000d3a8b659d,60559fba-d1b3-4b64-ab9b-cbd6a1294ca1,87cdfb86-e3c8-48d7-8a99-c6fb2cbcb845,38c7d71a-31fd-4c2a-b7b0-fa2cc7381654,9ae15591-50d6-4ce8-8885-68b943b7e03d,,,d9e7ed64-7337-47a8-af6e-35a783c2e2dd,f46b70cc-580b-4f1a-87c3-41deb48eb90d
,,Inherit,,,,,,,,5,,false,false,false,,false,,,true,,,Course DevOps,Course-DevOps,,false,Inactive,Inactive,,,Product B (sample),,1046991,9ae15591-50d6-4ce8-8885-68b943b7e03d,,,,,,,751a37a3-981b-eb11-a817-000d3a8b659d,60559fba-d1b3-4b64-ab9b-cbd6a1294ca1,87cdfb86-e3c8-48d7-8a99-c6fb2cbcb845,38c7d71a-31fd-4c2a-b7b0-fa2cc7381654,,,,,f46b70cc-580b-4f1a-87c3-41deb48eb90d
,,Inherit,"<div class=""""row sectionBlockLayout"""" style=""""display: flex; flex-wrap: wrap; text-align: left; min-height: 75px; padding: 8px; margin: 0px;"""">
    <div class=""""container"""" style=""""display: flex; flex-wrap: wrap;"""">
        <div class=""""col-md-12 columnBlockLayout"""" style=""""display: flex; flex-direction: column; padding: 0px;"""">
            <p>This sample page uses a page template. You can create your own page templates using the Portal Management app and reuse them while creating pages in Power Apps portals studio.</p>
        </div>
    </div>
</div>",,,,,,,3,,false,false,false,,false,,,false,,,Courses,Courses,,false,Active,Active,<p>This page has a full-size layout (no sidebar).</p>,,Courses,,1046946,efa9b023-17ae-460b-a472-36d72908beb8,,,,,,,751a37a3-981b-eb11-a817-000d3a8b659d,6439442d-7b03-403c-94de-68325ed31949,87cdfb86-e3c8-48d7-8a99-c6fb2cbcb845,38c7d71a-31fd-4c2a-b7b0-fa2cc7381654,4e5f61f6-a476-4e81-b69b-e4c3a30bc7ab,,,d9e7ed64-7337-47a8-af6e-35a783c2e2dd,f46b70cc-580b-4f1a-87c3-41deb48eb90d
,,Inherit,,,,,,,,3,,false,false,false,,false,,,true,,,Courses,Courses,,false,Inactive,Inactive,,,Services,,1046945,4e5f61f6-a476-4e81-b69b-e4c3a30bc7ab,,,,,,,751a37a3-981b-eb11-a817-000d3a8b659d,6439442d-7b03-403c-94de-68325ed31949,87cdfb86-e3c8-48d7-8a99-c6fb2cbcb845,38c7d71a-31fd-4c2a-b7b0-fa2cc7381654,,,,,f46b70cc-580b-4f1a-87c3-41deb48eb90d
,,Inherit,<p>This website uses sample data for illustration purposes. You can build pages using multiple templates available.</p>,,,,,,,1,,false,false,false,,false,,,false,,,New page (1),ListOfCourses,,true,Active,Active,<p>This is sample landing page for you to start building your website</p>,,New page (1),,1046922,c8fbf738-8121-eb11-a813-000d3a10d380,,,,,,,751a37a3-981b-eb11-a817-000d3a8b659d,60559fba-d1b3-4b64-ab9b-cbd6a1294ca1,df3af095-168d-4578-b419-e97114aa600d,38c7d71a-31fd-4c2a-b7b0-fa2cc7381654,f10b9c35-6581-4160-8ec7-05ef9a7de9b1,,,d9e7ed64-7337-47a8-af6e-35a783c2e2dd,f46b70cc-580b-4f1a-87c3-41deb48eb90d
,,Inherit,<p>This website uses sample data for illustration purposes. You can build pages using multiple templates available.</p>,,,,,,,1,,false,false,false,,false,,,true,,,New page (1),ListOfCourses,,true,Inactive,Inactive,<p>This is sample landing page for you to start building your website</p>,,New page (1),,1046921,f10b9c35-6581-4160-8ec7-05ef9a7de9b1,,,,,,,751a37a3-981b-eb11-a817-000d3a8b659d,60559fba-d1b3-4b64-ab9b-cbd6a1294ca1,df3af095-168d-4578-b419-e97114aa600d,38c7d71a-31fd-4c2a-b7b0-fa2cc7381654,,,,,f46b70cc-580b-4f1a-87c3-41deb48eb90d
,,Inherit,,,,,,,,4,,false,false,false,,false,,,true,,,About us,about-us,,false,Active,Active,,,,,1046830,961b8d70-38d5-4cdc-8f75-7b346b6c6b41,,,,,,,751a37a3-981b-eb11-a817-000d3a8b659d,db1956a6-839d-43c7-942d-ff961ffd024d,87cdfb86-e3c8-48d7-8a99-c6fb2cbcb845,38c7d71a-31fd-4c2a-b7b0-fa2cc7381654,,,,,f46b70cc-580b-4f1a-87c3-41deb48eb90d
,,Inherit,"<p>We're sorry, you don't have permission to view the requested content.</p>",,,,,,,,,false,false,true,,true,,,false,,,Access Denied,access-denied,,false,Active,Active,,,,,903246,005a22b1-41f5-4b43-930d-a42ac4c37e9f,,,,,,,751a37a3-981b-eb11-a817-000d3a8b659d,5550c092-af5e-44e1-8c35-2e98fe4cd830,87cdfb86-e3c8-48d7-8a99-c6fb2cbcb845,38c7d71a-31fd-4c2a-b7b0-fa2cc7381654,776576ee-ea9b-4f1c-8497-296e14030a3c,,,d9e7ed64-7337-47a8-af6e-35a783c2e2dd,f46b70cc-580b-4f1a-87c3-41deb48eb90d
,,Inherit,,,,,,,,,,false,false,true,,true,,,true,,,Access Denied,access-denied,,false,Active,Active,,,,,903245,776576ee-ea9b-4f1c-8497-296e14030a3c,,,,,,,751a37a3-981b-eb11-a817-000d3a8b659d,5550c092-af5e-44e1-8c35-2e98fe4cd830,87cdfb86-e3c8-48d7-8a99-c6fb2cbcb845,38c7d71a-31fd-4c2a-b7b0-fa2cc7381654,,,,,f46b70cc-580b-4f1a-87c3-41deb48eb90d
,,Inherit,,,,,,,,,,false,false,false,,true,,,true,,,Profile,profile,,false,Active,Active,,,Profile,,903244,a7cb9d65-61c1-4691-94d8-73507870bebc,,,,,,,751a37a3-981b-eb11-a817-000d3a8b659d,726b3bef-6387-40f6-adab-530053ce67df,87cdfb86-e3c8-48d7-8a99-c6fb2cbcb845,38c7d71a-31fd-4c2a-b7b0-fa2cc7381654,,,,,f46b70cc-580b-4f1a-87c3-41deb48eb90d
,,Inherit,,,,,,,,,,false,false,false,,true,,,false,,,Search,search,,false,Active,Active,,,,,903243,9a9ce221-4014-419a-aa0b-71e05dc0715d,,,,,,,751a37a3-981b-eb11-a817-000d3a8b659d,2f0bb125-76f4-47ab-84d7-80444c2411bc,87cdfb86-e3c8-48d7-8a99-c6fb2cbcb845,38c7d71a-31fd-4c2a-b7b0-fa2cc7381654,3b026d90-72e9-4ae4-816d-75d6a87bd0a8,,,d9e7ed64-7337-47a8-af6e-35a783c2e2dd,f46b70cc-580b-4f1a-87c3-41deb48eb90d
,,Inherit,"<p>We're sorry, but the page you were trying to view doesn't exist.</p>

<p>It looks like this was the result of either:</p>

<ul>
    <li>a mistyped address</li>
    <li>an out-of-date link</li>
</ul>",,,,,,,,,false,false,true,,true,,,false,,,Page Not Found,page-not-found,,false,Active,Active,,,,,903242,05be8186-1c3c-480d-99d7-6fe0280e8273,,,,,,,751a37a3-981b-eb11-a817-000d3a8b659d,bfa6fb8a-197b-4082-9750-e535dffbe4c8,87cdfb86-e3c8-48d7-8a99-c6fb2cbcb845,38c7d71a-31fd-4c2a-b7b0-fa2cc7381654,0f9f2f91-bd91-4cf1-b9a2-867b974f9e99,,,d9e7ed64-7337-47a8-af6e-35a783c2e2dd,f46b70cc-580b-4f1a-87c3-41deb48eb90d
,,Inherit,,,,,,,,,,false,false,false,,true,,,true,,,Search,search,,false,Active,Active,,,,,903241,3b026d90-72e9-4ae4-816d-75d6a87bd0a8,,,,,,,751a37a3-981b-eb11-a817-000d3a8b659d,2f0bb125-76f4-47ab-84d7-80444c2411bc,87cdfb86-e3c8-48d7-8a99-c6fb2cbcb845,38c7d71a-31fd-4c2a-b7b0-fa2cc7381654,,,,,f46b70cc-580b-4f1a-87c3-41deb48eb90d
,,Inherit,,,,,,,,,,false,false,true,,true,,,true,,,Page Not Found,page-not-found,,false,Active,Active,,,,,903239,0f9f2f91-bd91-4cf1-b9a2-867b974f9e99,,,,,,,751a37a3-981b-eb11-a817-000d3a8b659d,bfa6fb8a-197b-4082-9750-e535dffbe4c8,87cdfb86-e3c8-48d7-8a99-c6fb2cbcb845,38c7d71a-31fd-4c2a-b7b0-fa2cc7381654,,,,,f46b70cc-580b-4f1a-87c3-41deb48eb90d
