importsequencenumber,adx_name,adx_pollsubmissionid,statuscode,statecode,timezoneruleversionnumber,utcconversiontimezonecode,versionnumber,adx_visitorid,adx_contactid,owningbusinessunit,adx_polloptionid,adx_pollid
,Poll submission for System Administrator,a2c5b5f6-afd1-459b-a925-660ef60c3f0c,Active,Active,,,902610,,,751a37a3-981b-eb11-a817-000d3a8b659d,1b6a6d58-d83b-4d0f-a6ea-b4c902eba4e5,636e71ca-afa2-42a4-b8fb-5defba2c985b
,Poll submission for System Administrator,ef6ec67e-a935-45c5-bfaa-c31e0e9a6852,Active,Active,,,902609,,,751a37a3-981b-eb11-a817-000d3a8b659d,67c6a769-a121-4900-b01d-dcb83c4776be,65ea73eb-9bb8-4f3f-97b9-4375788daafe
,Poll submission for 70d9933a-b730-44d7-9637-a74a1884ba8f,4718ff59-c5f7-409b-9f4d-c529cc7ca75c,Active,Active,,,902608,70d9933a-b730-44d7-9637-a74a1884ba8f,,751a37a3-981b-eb11-a817-000d3a8b659d,1c1be9a3-cebe-4360-9679-0ddc7f1c248a,1cbbebf9-13ae-4324-8696-e085c180d26d
,Poll submission for a7f0ba39-72c8-40c3-846e-bd5d5dd8e4ea,c6d39570-339d-4089-a0c9-c9a15862959f,Active,Active,,,902607,a7f0ba39-72c8-40c3-846e-bd5d5dd8e4ea,,751a37a3-981b-eb11-a817-000d3a8b659d,9544fd2a-593e-4d10-9ae8-73541a1b8d0d,65ea73eb-9bb8-4f3f-97b9-4375788daafe
,poll submission for 3951331b-70f6-4a25-9c3f-fec427090802,4c28cd41-7436-425c-99c5-78886ee6f360,Active,Active,,,902606,3951331b-70f6-4a25-9c3f-fec427090802,,751a37a3-981b-eb11-a817-000d3a8b659d,67c6a769-a121-4900-b01d-dcb83c4776be,65ea73eb-9bb8-4f3f-97b9-4375788daafe
,Poll submission for 9427fad4-940d-43d9-b1e8-0f4a50fc47de,a6b27bbb-b893-4878-9ee4-f4887b3c0d6f,Active,Active,,,902605,9427fad4-940d-43d9-b1e8-0f4a50fc47de,,751a37a3-981b-eb11-a817-000d3a8b659d,9544fd2a-593e-4d10-9ae8-73541a1b8d0d,65ea73eb-9bb8-4f3f-97b9-4375788daafe
,Poll submission for 2f6918a5-7e48-4caf-8adf-b6771fcdb542,2440cade-f509-427d-8b60-5145ff1feff8,Active,Active,,,902604,2f6918a5-7e48-4caf-8adf-b6771fcdb542,,751a37a3-981b-eb11-a817-000d3a8b659d,09645205-2417-40d7-a846-2c80be80868e,65ea73eb-9bb8-4f3f-97b9-4375788daafe
,Poll submission for 70d9933a-b730-44d7-9637-a74a1884ba8f,e8d20139-7b08-45f7-b75f-cf92e96d90cb,Active,Active,,,902603,70d9933a-b730-44d7-9637-a74a1884ba8f,,751a37a3-981b-eb11-a817-000d3a8b659d,1b6a6d58-d83b-4d0f-a6ea-b4c902eba4e5,636e71ca-afa2-42a4-b8fb-5defba2c985b
,Poll submission for 9b9ecb3d-fa72-4296-a808-7b59af3a34da,4a01562e-67c9-42e5-9d03-3161ba7c64a3,Active,Active,,,902602,9b9ecb3d-fa72-4296-a808-7b59af3a34da,,751a37a3-981b-eb11-a817-000d3a8b659d,9544fd2a-593e-4d10-9ae8-73541a1b8d0d,65ea73eb-9bb8-4f3f-97b9-4375788daafe
,Poll submission for Brad Flood,cf64b05a-14b3-46ff-8951-2bbc6924cf2d,Active,Active,,,902601,,,751a37a3-981b-eb11-a817-000d3a8b659d,67c6a769-a121-4900-b01d-dcb83c4776be,65ea73eb-9bb8-4f3f-97b9-4375788daafe
,Poll submission for cdd6a0a0-a065-4790-a13e-eadca294198a,05044b3a-418d-41e9-974f-c362d6bdc288,Active,Active,,,902600,cdd6a0a0-a065-4790-a13e-eadca294198a,,751a37a3-981b-eb11-a817-000d3a8b659d,1c1be9a3-cebe-4360-9679-0ddc7f1c248a,1cbbebf9-13ae-4324-8696-e085c180d26d
,poll submission for 47bc0103-399c-48b2-92c4-7de25c60a091,e6c314fd-0bb4-4e3e-a823-302d1e40a525,Active,Active,,,902599,47bc0103-399c-48b2-92c4-7de25c60a091,,751a37a3-981b-eb11-a817-000d3a8b659d,67c6a769-a121-4900-b01d-dcb83c4776be,65ea73eb-9bb8-4f3f-97b9-4375788daafe
