adx_copy,adx_display_name,importsequencenumber,adx_name,statuscode,statecode,timezoneruleversionnumber,adx_title,utcconversiontimezonecode,versionnumber,adx_weblinksetid,owningbusinessunit,adx_publishingstateid,adx_websitelanguageid,adx_websiteid
,Default,,Default,Active,Active,,,,903227,ed9a6c19-5ab6-4f67-8c35-2423cff958c4,751a37a3-981b-eb11-a817-000d3a8b659d,38c7d71a-31fd-4c2a-b7b0-fa2cc7381654,d9e7ed64-7337-47a8-af6e-35a783c2e2dd,f46b70cc-580b-4f1a-87c3-41deb48eb90d
,Primary Navigation,,Primary Navigation,Active,Active,,,,903226,69083dcb-a74b-4403-9b65-ae43519c2b4a,751a37a3-981b-eb11-a817-000d3a8b659d,38c7d71a-31fd-4c2a-b7b0-fa2cc7381654,d9e7ed64-7337-47a8-af6e-35a783c2e2dd,f46b70cc-580b-4f1a-87c3-41deb48eb90d
,Profile Navigation,,Profile Navigation,Active,Active,,,,903224,e24e3fea-4235-4e30-bdcb-4480e8dae79e,751a37a3-981b-eb11-a817-000d3a8b659d,,d9e7ed64-7337-47a8-af6e-35a783c2e2dd,f46b70cc-580b-4f1a-87c3-41deb48eb90d
,Secondary Navigation,,Secondary Navigation,Active,Active,,,,903223,41e07290-4976-4f0c-be3e-11dfbeea5263,751a37a3-981b-eb11-a817-000d3a8b659d,38c7d71a-31fd-4c2a-b7b0-fa2cc7381654,d9e7ed64-7337-47a8-af6e-35a783c2e2dd,f46b70cc-580b-4f1a-87c3-41deb48eb90d
"<h4>About Starter Portal</h4><p>This site uses sample data and text, please update as per your requirement.</p>",Footer,,Footer,Active,Active,,,,903222,83156f66-2e58-4638-b92f-3e40576aaaf1,751a37a3-981b-eb11-a817-000d3a8b659d,38c7d71a-31fd-4c2a-b7b0-fa2cc7381654,d9e7ed64-7337-47a8-af6e-35a783c2e2dd,f46b70cc-580b-4f1a-87c3-41deb48eb90d
