importsequencenumber,adx_name,statuscode,statecode,adx_tagid,timezoneruleversionnumber,utcconversiontimezonecode,versionnumber,owningbusinessunit,adx_websiteid
,CRM,Active,Active,6e6db142-f346-4385-994d-8c1d855b0c23,,,903197,751a37a3-981b-eb11-a817-000d3a8b659d,f46b70cc-580b-4f1a-87c3-41deb48eb90d
,Technology,Active,Active,893a2294-9986-493e-b446-5d58c498f3f6,,,903196,751a37a3-981b-eb11-a817-000d3a8b659d,f46b70cc-580b-4f1a-87c3-41deb48eb90d
,Windows Phone,Active,Active,a01efae1-0e32-41c3-83d4-b460a953a445,,,903195,751a37a3-981b-eb11-a817-000d3a8b659d,f46b70cc-580b-4f1a-87c3-41deb48eb90d
,General,Active,Active,a8159ed7-0ca3-47e8-a95c-c417a061009e,,,903194,751a37a3-981b-eb11-a817-000d3a8b659d,f46b70cc-580b-4f1a-87c3-41deb48eb90d
,Microsoft,Active,Active,55fe2461-52a4-4cac-bacc-e7a3060a9f2a,,,903193,751a37a3-981b-eb11-a817-000d3a8b659d,f46b70cc-580b-4f1a-87c3-41deb48eb90d
