adx_createdbyipaddress,adx_createdbyusername,adx_description,adx_disablepagevalidation,adx_displayimageonly,adx_displayorder,adx_displaypagechildlinks,adx_externalurl,adx_imagealttext,adx_imageheight,adx_imageurl,adx_imagewidth,importsequencenumber,adx_modifiedbyipaddress,adx_modifiedbyusername,adx_name,adx_openinnewwindow,adx_robotsfollowlink,statuscode,statecode,timezoneruleversionnumber,utcconversiontimezonecode,versionnumber,adx_weblinkid,owningbusinessunit,adx_pageid,adx_parentweblinkid,adx_publishingstateid,adx_weblinksetid
,,,false,false,13,false,,,,,,,,,Students,false,true,Active,Active,,,1251666,91439597-0dac-40b5-8119-5fb6730ecd7b,751a37a3-981b-eb11-a817-000d3a8b659d,176aa519-b541-49bf-9b2f-57b10f05bb11,,38c7d71a-31fd-4c2a-b7b0-fa2cc7381654,ed9a6c19-5ab6-4f67-8c35-2423cff958c4
,,,false,false,1,false,,,,,,,,,History,false,true,Active,Active,,,1249564,842ba36d-7ad0-4223-b04c-a42472cd130e,751a37a3-981b-eb11-a817-000d3a8b659d,e6702720-670c-4b57-adc7-c361d2bc9d50,24eb0d7e-2b73-428c-a511-8acf918c2267,38c7d71a-31fd-4c2a-b7b0-fa2cc7381654,ed9a6c19-5ab6-4f67-8c35-2423cff958c4
,,,false,false,8,false,,,,,,,,,MyProfile,false,true,Active,Active,,,1249494,24eb0d7e-2b73-428c-a511-8acf918c2267,751a37a3-981b-eb11-a817-000d3a8b659d,84d64039-adc1-403f-9765-14e3df6da029,,38c7d71a-31fd-4c2a-b7b0-fa2cc7381654,ed9a6c19-5ab6-4f67-8c35-2423cff958c4
,,,false,false,10,false,,,,,,,,,Courses,false,true,Inactive,Inactive,,,1249461,3bc5b52a-4118-4de0-a672-860d41cec747,751a37a3-981b-eb11-a817-000d3a8b659d,df3af095-168d-4578-b419-e97114aa600d,,38c7d71a-31fd-4c2a-b7b0-fa2cc7381654,ed9a6c19-5ab6-4f67-8c35-2423cff958c4
,,,false,false,12,false,,,,,,,,,CourseDetails,false,true,Inactive,Inactive,,,1249459,08ac9943-4685-434c-a7cb-8d9606416b5d,751a37a3-981b-eb11-a817-000d3a8b659d,e94fac70-b443-4eed-abb8-4789a6dee751,,38c7d71a-31fd-4c2a-b7b0-fa2cc7381654,ed9a6c19-5ab6-4f67-8c35-2423cff958c4
,,,false,false,7,false,,,,,,,,,Available Courses,false,true,Active,Active,,,1249338,487a7220-c9ea-47a5-8dde-91f54b022792,751a37a3-981b-eb11-a817-000d3a8b659d,3a6bede2-8eaa-4a5b-b3e9-467a57df2e70,,38c7d71a-31fd-4c2a-b7b0-fa2cc7381654,ed9a6c19-5ab6-4f67-8c35-2423cff958c4
,,,false,false,1,false,,,,,,,,,Course section,false,true,Inactive,Inactive,,,1249041,8b0bbfd6-78f7-4841-8bd9-926c12b5eb95,751a37a3-981b-eb11-a817-000d3a8b659d,b6f63416-c2b7-4edf-b3ef-f4108ba9afe0,,38c7d71a-31fd-4c2a-b7b0-fa2cc7381654,ed9a6c19-5ab6-4f67-8c35-2423cff958c4
,,,false,false,1,false,,,,,,,,,Home,false,true,Active,Active,,,1248399,e09db725-eb87-4382-87bc-21577218b6ca,751a37a3-981b-eb11-a817-000d3a8b659d,87cdfb86-e3c8-48d7-8a99-c6fb2cbcb845,,38c7d71a-31fd-4c2a-b7b0-fa2cc7381654,ed9a6c19-5ab6-4f67-8c35-2423cff958c4
,,,false,false,4,false,,,,,,,,,About us,false,true,Active,Active,,,1187602,11c18cb5-75db-43a7-b847-43a430783201,751a37a3-981b-eb11-a817-000d3a8b659d,961b8d70-38d5-4cdc-8f75-7b346b6c6b41,,38c7d71a-31fd-4c2a-b7b0-fa2cc7381654,ed9a6c19-5ab6-4f67-8c35-2423cff958c4
,,,false,false,3,false,,,,,,,,,Course Details,false,true,Inactive,Inactive,,,1162798,63c93e2f-0371-4b3e-96bf-6c85658d8bba,751a37a3-981b-eb11-a817-000d3a8b659d,4c819278-0162-4318-8e9e-94ccbe283435,,38c7d71a-31fd-4c2a-b7b0-fa2cc7381654,ed9a6c19-5ab6-4f67-8c35-2423cff958c4
,,,false,false,2,false,,,,,,,,,CourseDetails,false,true,Inactive,Inactive,,,1047124,6677875c-b070-45c0-a7d0-134fbfb1f4d9,751a37a3-981b-eb11-a817-000d3a8b659d,6e911a77-c31a-4095-82f2-2264a1de09bb,,38c7d71a-31fd-4c2a-b7b0-fa2cc7381654,ed9a6c19-5ab6-4f67-8c35-2423cff958c4
,,,false,false,6,false,,,,,,,,,Course Azure,false,true,Inactive,Inactive,,,1047023,eb55ce0f-47d2-419d-bbc2-5a11924571db,751a37a3-981b-eb11-a817-000d3a8b659d,b79412fb-230b-4400-b773-ac2e54b9a451,,38c7d71a-31fd-4c2a-b7b0-fa2cc7381654,ed9a6c19-5ab6-4f67-8c35-2423cff958c4
,,,false,false,5,false,,,,,,,,,Course DevOps,false,true,Inactive,Inactive,,,1047004,2cf1d0f3-1472-437a-96de-3986d3c7d730,751a37a3-981b-eb11-a817-000d3a8b659d,9ae15591-50d6-4ce8-8885-68b943b7e03d,,38c7d71a-31fd-4c2a-b7b0-fa2cc7381654,ed9a6c19-5ab6-4f67-8c35-2423cff958c4
,,,false,false,3,false,,,,,,,,,Courses,false,true,Inactive,Inactive,,,1046978,8aa5acb5-8e7f-4197-a244-bef49f331535,751a37a3-981b-eb11-a817-000d3a8b659d,4e5f61f6-a476-4e81-b69b-e4c3a30bc7ab,,38c7d71a-31fd-4c2a-b7b0-fa2cc7381654,ed9a6c19-5ab6-4f67-8c35-2423cff958c4
,,,false,false,1,false,,,,,,,,,New page (1),false,true,Inactive,Inactive,,,1046933,36abc037-68b5-4a4c-8be8-64ba0b0671b8,751a37a3-981b-eb11-a817-000d3a8b659d,f10b9c35-6581-4160-8ec7-05ef9a7de9b1,,38c7d71a-31fd-4c2a-b7b0-fa2cc7381654,ed9a6c19-5ab6-4f67-8c35-2423cff958c4
,,,false,false,2,false,,,,,,,,,Course DevOps,false,true,Active,Active,,,904089,6f4aa9f6-9e04-41d5-8495-06986caa649d,751a37a3-981b-eb11-a817-000d3a8b659d,9ae15591-50d6-4ce8-8885-68b943b7e03d,e32365ae-a9dc-47bc-a3f5-b8cf004cee86,38c7d71a-31fd-4c2a-b7b0-fa2cc7381654,69083dcb-a74b-4403-9b65-ae43519c2b4a
,,,false,false,1,false,,,,,,,,,Course Azure,false,true,Active,Active,,,904085,7b3073d5-4dfa-4908-9374-ffd0a1050c57,751a37a3-981b-eb11-a817-000d3a8b659d,b79412fb-230b-4400-b773-ac2e54b9a451,e32365ae-a9dc-47bc-a3f5-b8cf004cee86,38c7d71a-31fd-4c2a-b7b0-fa2cc7381654,69083dcb-a74b-4403-9b65-ae43519c2b4a
,,,false,false,3,false,,,,,,,,,Courses,false,true,Active,Active,,,904080,e32365ae-a9dc-47bc-a3f5-b8cf004cee86,751a37a3-981b-eb11-a817-000d3a8b659d,4e5f61f6-a476-4e81-b69b-e4c3a30bc7ab,,38c7d71a-31fd-4c2a-b7b0-fa2cc7381654,69083dcb-a74b-4403-9b65-ae43519c2b4a
,,,false,false,4,false,,,,,,,,,About us,false,true,Active,Active,,,903220,9fc01266-c65b-4840-b1d0-380b87f2625e,751a37a3-981b-eb11-a817-000d3a8b659d,961b8d70-38d5-4cdc-8f75-7b346b6c6b41,,38c7d71a-31fd-4c2a-b7b0-fa2cc7381654,69083dcb-a74b-4403-9b65-ae43519c2b4a
,,,false,false,1,false,,,,,,,,,Home,false,true,Active,Active,,,903211,090d9b6e-cd94-4d13-858f-fdeccb127df1,751a37a3-981b-eb11-a817-000d3a8b659d,87cdfb86-e3c8-48d7-8a99-c6fb2cbcb845,,38c7d71a-31fd-4c2a-b7b0-fa2cc7381654,69083dcb-a74b-4403-9b65-ae43519c2b4a
,,,false,false,1,false,,,,,,,,,Profile,false,true,Active,Active,,,903210,b855bada-4b9f-4459-ba5a-6e593780507e,751a37a3-981b-eb11-a817-000d3a8b659d,a7cb9d65-61c1-4691-94d8-73507870bebc,,38c7d71a-31fd-4c2a-b7b0-fa2cc7381654,e24e3fea-4235-4e30-bdcb-4480e8dae79e
